subject,question_id,question,A,B,C,D,E,F,G,H,I,J,true_answer,pred,is_correct,answer_method,cot_pred,cot_input_length,cot_gen_length,cot_output,answer_latency_ms,extraction_method_used,ground_truth_normalized,extracted_normalized
SPLIT_0_OF_1,0,"A person wants to start saving money so that they can afford a nice vacation at the end of the year. After looking over their budget and expenses, they decide the best way to save money is to",make more phone calls,quit eating lunch out,buy less with monopoly money,have lunch with friends,,,,,,,B,C,False,generate,C,150,12,The correct answer is C. buy less with monopoly money,356.4073590096086,,,
SPLIT_0_OF_1,1,There is most likely going to be fog around:,a marsh,a tundra,the plains,a desert,,,,,,,A,D,False,generate,D,111,9,The correct answer is D. a desert,108.26184798497707,,,
SPLIT_0_OF_1,2,Predators eat,lions,humans,bunnies,grass,,,,,,,C,A,False,generate,A,102,6,The correct answer is A,80.68754599662498,,,
SPLIT_0_OF_1,3,"Oak tree seeds are planted and a sidewalk is paved right next to that spot, until eventually, the tree is tall and the roots must extend past the sidewalk, which means",roots may be split,roots may begin to die,parts may break the concrete,roots may fall apart,,,,,,,C,A,False,generate,A,145,11,The correct answer is A. roots may be split,123.4090740326792,,,
SPLIT_0_OF_1,4,An electric car runs on electricity via,gasoline,a power station,electrical conductors,fuel,,,,,,,C,D,False,generate,D,108,8,The correct answer is D. fuel,96.980188973248,,,
SPLIT_0_OF_1,5,As the rain forest is deforested the atmosphere will increase with,oxygen,nitrogen,carbon,rain,,,,,,,C,A,False,generate,A,110,8,The correct answer is A. oxygen,97.18828299082816,,,
SPLIT_0_OF_1,6,an electric car contains a motor that runs on,gas,hydrogen,ions,plutonium,,,,,,,C,B,False,generate,B,107,8,The correct answer is B. hydrogen,97.97661303309724,,,
SPLIT_0_OF_1,7,The middle of the day usually involves the bright star nearest to the earth to be straight overhead why?,moons gravity,human planet rotation,global warming,moon rotation,,,,,,,B,D,False,generate,D,121,9,The correct answer is D. moon rotation,106.40300897648558,,,
SPLIT_0_OF_1,8,The summer solstice in the northern hemisphere is four months before,May,July,April,October,,,,,,,D,A,False,generate,A,109,8,The correct answer is A. May,97.17205900233239,,,
SPLIT_0_OF_1,9,The main component in dirt is,microorganisms,broken stones,pollution,bacteria,,,,,,,B,D,False,generate,D,105,8,The correct answer is D. bacteria,97.57617500144988,,,
SPLIT_0_OF_1,10,It's easier for human's to survive in:,a cave,the ocean.,a town,alone,,,,,,,C,D,False,generate,D,109,8,The correct answer is D. alone,96.79744200548157,,,
SPLIT_0_OF_1,11,A cactus stem is used to store,fruit,liquid,food,spines,,,,,,,B,A,False,generate,A,106,7,The correct answer is A.,88.96052202908322,,,
SPLIT_0_OF_1,12,A red-tailed hawk is searching for prey. It is most likely to swoop down on,an eagle,a cow,a gecko,a deer,,,,,,,C,D,False,generate,D,121,9,The correct answer is D. a deer,105.47215200494975,,,
SPLIT_0_OF_1,13,The chance of wildfires is increased by,parched foliage,torrential rain,lush foliage,careful fire maintenance,,,,,,,A,A,True,generate,A,111,10,The correct answer is A. parched foliage,113.90865297289565,,,
SPLIT_0_OF_1,14,A positive effect of burning biofuel is,shortage of crops for the food supply,an increase in air pollution,powering the lights in a home,deforestation in the amazon to make room for crops,,,,,,,C,A,False,generate,A,129,14,The correct answer is A. shortage of crops for the food supply,150.77119396300986,,,
SPLIT_0_OF_1,15,"As gasoline costs rise, alternative fuels are being used, which means that",wind power will be expensive,gas costs will rise,oil costs will be maintained,gasoline will be needed less,,,,,,,D,D,True,generate,D,126,13,The correct answer is D. gasoline will be needed less.,141.40954101458192,,,
SPLIT_0_OF_1,16,"A person wants to be able to have more natural power in their home. They choose to cease using a traditional electric company to source this electricity, and so decide to install",sun grafts,sunlight shields,panels collecting sunlight,solar bees,,,,,,,C,C,True,generate,C,137,10,The correct answer is C. panels collecting sunlight,115.34977698465809,,,
SPLIT_0_OF_1,17,A Mola Mola might live where?,Lake Michigan,The Mississippi River,Bay of Bengal,Lake Eerie,,,,,,,C,A,False,generate,A,112,9,The correct answer is A. Lake Michigan,107.27553197648376,,,
SPLIT_0_OF_1,18,Which requires energy to move?,weasel,willow,mango,poison ivy,,,,,,,A,A,True,generate,A,106,9,The correct answer is A. weasel,106.86582297785208,,,
SPLIT_0_OF_1,19,An animal that only eats plants is a,rat,moth,chimpanzee,pig,,,,,,,B,D,False,generate,D,106,8,The correct answer is D. pig,98.00009801983833,,,
SPLIT_0_OF_1,20,There was a lot more water vapor in the air when we went on a trip to,Hanoi,Athens,Baghdad,Phoenix,,,,,,,A,D,False,generate,D,115,4,D. Phoenix,62.6984600094147,,,
SPLIT_0_OF_1,21,An example of conservation is avoiding the use of,gasoline,air,snow,clothes,,,,,,,A,A,True,generate,A,106,8,The correct answer is A. gasoline,97.94949501520023,,,
SPLIT_0_OF_1,22,What can feathers on Spheniscidae be used for?,keeping warm,flying,sleeping,eating,,,,,,,A,A,True,generate,A,110,9,The correct answer is A. keeping warm,105.99121794803068,,,
SPLIT_0_OF_1,23,Overpopulation can cause,More fresh water for people to drink,Lower Life Expectancy in Countries,More food for more people,More space for places to people to live,,,,,,,B,D,False,generate,D,123,16,The correct answer is D. More space for places to people to live.,167.34290000749752,,,
SPLIT_0_OF_1,24,Shining a light through a diamond can,make a lot of bright lights shine,summon a brilliant wave of color,heat up a room,make a lot of money,,,,,,,B,A,False,generate,A,123,14,The correct answer is A. make a lot of bright lights shine,149.40085500711575,,,
SPLIT_0_OF_1,25,"If you were attacked by a shark and had to punch it sharply where it pulls in air from, you'd use your hand to make contact with",its snout,its gills,its nose,its belly,,,,,,,B,A,False,generate,A,132,2,A,47.5916659925133,,,
SPLIT_0_OF_1,26,which of these would stop a car quicker?,a wheel with wet brake pads,a wheel without brake pads,a wheel with worn brake pads,a wheel with dry brake pads,,,,,,,D,D,True,generate,D,124,14,The correct answer is D. a wheel with dry brake pads.,150.76499502174556,,,
SPLIT_0_OF_1,27,what system is needed for a body to get its needed supply of the gas humans breathe in?,the circulatory system,the digestive system,the school system,central nervous system,,,,,,,A,A,True,generate,A,124,11,The correct answer is A. the circulatory system,123.65404202137142,,,
SPLIT_0_OF_1,28,Every evening a child can look into the night sky and see that the moon is,gone,breaking,falling,moving upwards,,,,,,,D,D,True,generate,D,114,9,The correct answer is D. moving upwards,109.14682800648734,,,
SPLIT_0_OF_1,29,"When it's flying, a plane has no friction with the",wings,ground,air,clouds,,,,,,,B,A,False,generate,A,109,8,The correct answer is A. wings,97.66038600355387,,,
SPLIT_0_OF_1,30,To grow plants require,acid rain,pesticides,shafts of sunlight,moonbeam rays,,,,,,,C,C,True,generate,C,107,11,The correct answer is C. shafts of sunlight,124.51444799080491,,,
SPLIT_0_OF_1,31,What is the best way to guess a babies eye color?,The surroundings they are born in.,Their parents usual diet.,Just take a random guess.,The genealogy records of their family.,,,,,,,D,C,False,generate,C,126,13,The correct answer is C. Just take a random guess.,142.09432899951935,,,
SPLIT_0_OF_1,32,What animal eats plants?,eagles,robins,owls,leopards,,,,,,,B,A,False,generate,A,106,9,The correct answer is A. eagles,107.00375295709819,,,
SPLIT_0_OF_1,33,Which of these is a hypothesis?,The ice caps will completely melt if global warming continues,The earth is round,The earth revolves around the sun,Gravity causes objects to fall,,,,,,,A,A,True,generate,A,124,7,The correct answer is A.,88.95114797633141,,,
SPLIT_0_OF_1,34,What explains the characteristic lunar formations?,remains of ancient ponds,many collisions that have occured,volcanic explosions over millions of years,sink holes due to the moons porous nature,,,,,,,B,B,True,generate,B,122,12,The correct answer is B. many collisions that have occured,134.68033698154613,,,
SPLIT_0_OF_1,35,Tadpoles start their lives as,Water animals,Frogs,Ants,College Students,,,,,,,A,A,True,generate,A,109,7,The correct answer is A.,88.83315999992192,,,
SPLIT_0_OF_1,36,"If a person puts out four apples around their home on the same day, the molecules in which apple would be moving the most rapidly?",the apple sitting on a sunny sidewalk,the apple in the freezer,the apple sitting on the shaded stoop,the apple in a closet,,,,,,,A,A,True,generate,A,144,14,The correct answer is A. the apple sitting on a sunny sidewalk,150.97371401498094,,,
SPLIT_0_OF_1,37,What is used for sensing visual things?,nerves,tibia,nostril,cornea,,,,,,,D,D,True,generate,D,107,9,The correct answer is D. cornea,106.45108902826905,,,
SPLIT_0_OF_1,38,They studied the soil by using,plants,a telescope,roots,a microscope,,,,,,,D,A,False,generate,A,105,7,The correct answer is A.,89.01639998657629,,,
SPLIT_0_OF_1,39,Bill's arm got cold when he put it inside the,refrigerator,room,jacket,oven,,,,,,,A,A,True,generate,A,108,6,The correct answer is A,80.10833198204637,,,
SPLIT_0_OF_1,40,A recyclable material can be,transformed,traded,thrown away,used more times,,,,,,,D,A,False,generate,A,106,8,The correct answer is A. transformed,97.51599200535566,,,
SPLIT_0_OF_1,41,What is different about birth in humans and chickens?,Mother,Fertilization,Father,the hard shell,,,,,,,D,B,False,generate,B,110,10,The correct answer is B. Fertilization,114.8249190300703,,,
SPLIT_0_OF_1,42,Which of these situations is an example of pollutants?,plastic bags floating in the ocean,mallard ducks floating on a lake,cottonwood seeds floating in the air,cirrus clouds floating in the sky,,,,,,,A,A,True,generate,A,129,13,The correct answer is A. plastic bags floating in the ocean,142.67458399990574,,,
SPLIT_0_OF_1,43,Human reproduction requires,eggs with shells,nest incubation,a nest,a womb,,,,,,,D,A,False,generate,A,106,7,The correct answer is A.,89.42090097116306,,,
SPLIT_0_OF_1,44,Thermometers,can help you monitor a fever,indicate levels of mercury in the blood,read exactly at 98.6 degrees,are used only for babies,,,,,,,A,A,True,generate,A,123,13,The correct answer is A. can help you monitor a fever,141.46386401262134,,,
SPLIT_0_OF_1,45,"if the earth was a living room, what can be done to melt the glaciers?",someone would turn up the room heater,someone would turn up the air conditioner,someone would turn up the music,someone would turn on the light,,,,,,,A,A,True,generate,A,135,14,The correct answer is A. someone would turn up the room heater,151.70008700806648,,,
SPLIT_0_OF_1,46,What would happen when balloons heat up?,they get bigger,they get smaller,nothing happens,they fall down,,,,,,,A,A,True,generate,A,111,6,The correct answer is A,80.0523609505035,,,
SPLIT_0_OF_1,47,"A balloon is filled with helium for a party. After the party, the balloons are left in the living room, where a fireplace is heating the room. The balloons",expand,melt,shrink,fall,,,,,,,A,A,True,generate,A,130,4,A. expand,63.90135601395741,,,
SPLIT_0_OF_1,48,Seals are most likely to be found in what type of environment?,desert,arctic,Mediterranean,tropical,,,,,,,B,D,False,generate,D,111,8,The correct answer is D. tropical,97.26416098419577,,,
SPLIT_0_OF_1,49,"When the eggs hatch, the offspring are",killed,hurt,born,cold,,,,,,,C,C,True,generate,C,105,8,The correct answer is C. born,97.45738399215043,,,
SPLIT_0_OF_1,50,Some berries may be eaten by,a bear or person,a bear or shark,a bear or lion,a bear or wolf,,,,,,,A,A,True,generate,A,115,6,The correct answer is A,79.32149595580995,,,
SPLIT_0_OF_1,51,A person has a chance to experience an equinox,weekly,monthly,annually,biannually,,,,,,,D,D,True,generate,D,109,10,The correct answer is D. biannually,116.29089899361134,,,
SPLIT_0_OF_1,52,Overpopulation of an organism can,strain the resources of an ecosystem,cause boundless growth of resources,lead to extinction of the organism,cause the ecosystem to flourish,,,,,,,A,A,True,generate,A,122,13,The correct answer is A. strain the resources of an ecosystem,141.00280898856,,,
SPLIT_0_OF_1,53,"To improve health, what is a good strategy?",high risk lifestyle,restaurant food,business trip,a spa trip,,,,,,,D,D,True,generate,D,112,10,The correct answer is D. a spa trip,115.06620299769565,,,
SPLIT_0_OF_1,54,A girl and her mom have the same,date of birth,shirt,number of toenails,hair length,,,,,,,C,A,False,generate,A,111,10,The correct answer is A. date of birth,114.84538204967976,,,
SPLIT_0_OF_1,55,The transportation with the most mass is likely a,commercial plane,private plane,bus,private car,,,,,,,A,A,True,generate,A,109,9,The correct answer is A. commercial plane,105.82823498407379,,,
SPLIT_0_OF_1,56,A rabbit may enjoy,meat,compost,peas,pebbles,,,,,,,C,A,False,generate,A,103,8,The correct answer is A. meat,97.64506900683045,,,
SPLIT_0_OF_1,57,"A construction group wants to put a shopping center in town, but the only place available is a small nature park with a trail. Deer and other wildlife frequent the park, since it is the only place in the city where trees and fresh water are available for them. The construction group decides to build the shopping center, which means that",the deer are moved to a zoo,the trail is expanded,the mall has a nature park in it,the wildlife environment is destroyed,,,,,,,D,C,False,generate,C,183,7,The correct answer is C.,91.03337302803993,,,
SPLIT_0_OF_1,58,Owls are likely to hunt at,3pm,2am,6pm,7am,,,,,,,B,D,False,generate,D,113,10,The correct answer is D. 7am,116.34082498494536,,,
SPLIT_0_OF_1,59,What could be a positive aspect of a tree being cut down?,the plants that were under the tree will have access to more light,the squirrels that were in that tree will have an easier time getting to their home,Plants under the tree will get cooled off by the shade,The sun will shine brighter than before,,,,,,,A,A,True,generate,A,153,7,The correct answer is A.,89.59079097257927,,,
SPLIT_0_OF_1,60,Birds carrying away fruit helps the tree,grow,fertilize,reproduce,conquer,,,,,,,C,A,False,generate,A,106,8,The correct answer is A. grow,97.11123502347618,,,
SPLIT_0_OF_1,61,"If a UFO is flying overhead and looks small, then large, then",the UFO is calling,the UFO had been close,the UFO is approaching,the UFO is leaving,,,,,,,C,A,False,generate,A,124,11,The correct answer is A. the UFO is calling,123.1386210420169,,,
SPLIT_0_OF_1,62,Inherited behavior is exhibited when,bears take a long winter sleep,dogs sit on command,seals clap for their trainers,rats navigate thru a maze,,,,,,,A,D,False,generate,D,119,7,The correct answer is D.,89.11781094502658,,,
SPLIT_0_OF_1,63,What likely explains deforestation?,Increased insect populations,Clearing for farming,reduction in rainfall,More carbon dioxide,,,,,,,B,B,True,generate,B,111,11,The correct answer is B. Clearing for farming,122.54650500835851,,,
SPLIT_0_OF_1,64,Mosquitoes enjoy all the people at a BBQ in the summer for what reason?,steak,blood,nice weather,taking food,,,,,,,B,A,False,generate,A,115,8,The correct answer is A. steak,96.1379410000518,,,
SPLIT_0_OF_1,65,The surface of the moon contains,dogs,water,high peaks,humans,,,,,,,C,B,False,generate,B,104,8,The correct answer is B. water,97.23733604187146,,,
SPLIT_0_OF_1,66,A tool used to identify the percent chance of a trait being passed down has at least,four boxes,eight boxes,two boxes,six boxes,,,,,,,A,A,True,generate,A,118,9,The correct answer is A. four boxes,106.33878799853846,,,
SPLIT_0_OF_1,67,"A prisoner is kept in a stone room, unable to see the sun. The prisoner knows that he needs vitamin D to survive, so he",asks for milk,asks for television,asks for water,asks for sleep,,,,,,,A,C,False,generate,C,133,10,The correct answer is C. asks for water,115.02237996319309,,,
SPLIT_0_OF_1,68,When trying to pull a rose out of the ground why do you encounter resistance?,roots,tensile strength,plant temperature,plant color,,,,,,,A,A,True,generate,A,116,8,The correct answer is A. roots,97.63802500674501,,,
SPLIT_0_OF_1,69,A bat flew through the sky without hitting anything due to which of these?,rainy sky to fly in,fast truck to drive,a car with gasoline,surfaces to reflect sound off,,,,,,,D,D,True,generate,D,125,12,The correct answer is D. surfaces to reflect sound off,132.55018496420234,,,
SPLIT_0_OF_1,70,How can we see that the coloration of fur is an inherited characteristic?,puppies have soft fur,kittens look like their parents,all mammals are born with fur,baby rats are mostly bald,,,,,,,B,B,True,generate,B,127,12,The correct answer is B. kittens look like their parents,131.28747895825654,,,
SPLIT_0_OF_1,71,Decaying vegetation is part of the process that,enables nuclear power to function,enables to emitting of light beams,enables gas powered motors to operate,enables windmills to power electric grids,,,,,,,C,D,False,generate,D,127,15,The correct answer is D. enables windmills to power electric grids,156.92416805541143,,,
SPLIT_0_OF_1,72,"After a torrential downpour over a week, a man notices that the pond in his backyard is",melted,dehydrated,bloated,salted,,,,,,,C,A,False,generate,A,121,8,The correct answer is A. melted,96.89841902581975,,,
SPLIT_0_OF_1,73,The amount of friction and the speed of an object have what kind of relationship?,inverse,reverse,direct,equal,,,,,,,A,A,True,generate,A,112,8,The correct answer is A. inverse,97.12716098874807,,,
SPLIT_0_OF_1,74,A fallen leaf,will turn into a tree,will become bright green,will begin to recycle the nutrients that made up its structure,is likely to continue to grow,,,,,,,C,A,False,generate,A,122,6,The correct answer is A,79.86974599771202,,,
SPLIT_0_OF_1,75,Over a period of time the weather can change,The color of my hair,The way I walk,The size of a statue,The sound a computer makes,,,,,,,C,A,False,generate,A,121,12,The correct answer is A. The color of my hair,131.4146959921345,,,
SPLIT_0_OF_1,76,Plant growth may cause,an uptick in the number of leaves,a surge in leaf disease,a gradual decrease in leaves,a rapid decline of the leaves,,,,,,,A,A,True,generate,A,121,15,The correct answer is A. an uptick in the number of leaves,156.68460202869028,,,
SPLIT_0_OF_1,77,The man's heart skipped a beat and he felt pain after touching which of these?,ice cube,water,electrical transformer,grass,,,,,,,C,A,False,generate,A,115,9,The correct answer is A. ice cube,104.5394929824397,,,
SPLIT_0_OF_1,78,Which substance is capable of dripping?,Oxygen,Juice,Wood,Lightning,,,,,,,B,D,False,generate,D,103,8,The correct answer is D. Lightning,96.11432603560388,,,
SPLIT_0_OF_1,79,If bacon is left too long on a hot stove top,it will be cooked perfectly,it will be bacteria laden,it will become blackened,it will be left raw,,,,,,,C,D,False,generate,D,124,12,The correct answer is D. it will be left raw,131.0086500016041,,,
SPLIT_0_OF_1,80,the dashboard reading in a jaguar would likely be set to which of these?,set to calories,set to volume,set to kilometers,set to width,,,,,,,C,A,False,generate,A,120,10,The correct answer is A. set to calories,115.92976097017527,,,
SPLIT_0_OF_1,81,are explosions safe?,they could harm living things,they are very safe,they cause nothing serious,none of these,,,,,,,A,D,False,generate,D,112,6,D. none of these,79.86091001657769,,,
SPLIT_0_OF_1,82,The lowest temperature on the trip was at,the mountain pass,the plain,the large hill,the canyon,,,,,,,A,A,True,generate,A,111,7,The correct answer is A.,87.77121198363602,,,
SPLIT_0_OF_1,83,What is the benefit to using a frosted window film over a non treated windows?,they are easier to make,they let in less light,they are cheaper to produce,they are much stronger,,,,,,,B,B,True,generate,B,128,12,The correct answer is B. they let in less light,132.57046701619402,,,
SPLIT_0_OF_1,84,Ocean water contains,copious amounts of seltzer,scant amounts of sodium chloride,scant amounts of carbonation,copious amounts of the combination of Na and Cl,,,,,,,D,D,True,generate,D,123,16,The correct answer is D. copious amounts of the combination of Na and Cl,164.90970604354516,,,
SPLIT_0_OF_1,85,A cheetah that runs all day will find it has lost a lot of,blood,water,prey,spots,,,,,,,B,A,False,generate,A,113,8,The correct answer is A. blood,96.95146098965779,,,
SPLIT_0_OF_1,86,Beak shape can influence a bird's ability,to give birth to live young,to mate with it's partner,to fly to warmer climates,to chew up certain worms,,,,,,,D,A,False,generate,A,124,13,The correct answer is A. to give birth to live young,140.0246390257962,,,
SPLIT_0_OF_1,87,Some blind people have demonstrated bat-like skills by:,sensing shapes by light and shadows,having a unusually strong sense of smell,sensing nearby objects by temperature change,using sound to 'see',,,,,,,D,A,False,generate,A,126,13,The correct answer is A. sensing shapes by light and shadows,140.64372598659247,,,
SPLIT_0_OF_1,88,December 21st through March 20 is a three month period which is an example of what?,A session,A Match,A Season,Autumn,,,,,,,C,C,True,generate,C,121,9,The correct answer is C. A Season,105.49664404243231,,,
SPLIT_0_OF_1,89,Seeds provide new plants with,life sustaining elements,essentials for photosynthesis,water and hydrogen,storage for roots,,,,,,,A,A,True,generate,A,112,10,The correct answer is A. life sustaining elements,114.80351199861616,,,
SPLIT_0_OF_1,90,What is a more comfortable color to have for your automobile upholstery if living in a desert?,ecru,red,black,navy,,,,,,,A,A,True,generate,A,115,9,The correct answer is A. ecru,104.69871899113059,,,
SPLIT_0_OF_1,91,The salamander could eat a large amounts of what?,fettuccine if left around,waxy leaves from certain plants,dead carcass meat from livestock,six legged winged organisms,,,,,,,D,D,True,generate,D,129,13,The correct answer is D. six legged winged organisms,141.01103000575677,,,
SPLIT_0_OF_1,92,A person can see,a radio recording,an emotion,a written message,an abstract idea,,,,,,,C,C,True,generate,C,108,10,The correct answer is C. a written message,114.23266801284626,,,
SPLIT_0_OF_1,93,"When looking for good soil for plants, typically what is optimal?",malleable and nutritious,dry and sandy,grainy and bitter,compact and hard,,,,,,,A,A,True,generate,A,120,12,The correct answer is A. malleable and nutritious,131.6290060058236,,,
SPLIT_0_OF_1,94,Animals are drawn to,gold,houses,feeders,Carbon Dioxide,,,,,,,C,C,True,generate,C,105,9,The correct answer is C. feeders,105.98645498976111,,,
SPLIT_0_OF_1,95,Squirrels spend their fall,looking for pretty leaves to collect,stockpiling rocks for fighting in the winter,stockpiling pecans for the frigid months,collecting twigs to keep warm,,,,,,,C,D,False,generate,D,130,14,The correct answer is D. collecting twigs to keep warm.,150.29601799324155,,,
SPLIT_0_OF_1,96,Rainbows are always found after what?,A fire,A tornado,Rainfall,Cereal,,,,,,,C,C,True,generate,C,108,9,The correct answer is C. Rainfall,106.40783095732331,,,
SPLIT_0_OF_1,97,Crop rotation has a positive impact on what?,government mentality,dirt quality,town economies,crop watering,,,,,,,B,B,True,generate,B,109,9,The correct answer is B. dirt quality,106.18118604179472,,,
SPLIT_0_OF_1,98,the best method for detecting texture is,rubbing it,seeing it,hearing it,tasting it,,,,,,,A,A,True,generate,A,108,9,The correct answer is A. rubbing it,106.25054099364206,,,
SPLIT_0_OF_1,99,Cold-blooded animals are often,fast,large,hairless,slow,,,,,,,C,D,False,generate,D,104,8,The correct answer is D. slow,97.60998102137819,,,
SPLIT_0_OF_1,100,Grey clouds can bring,sunlight,falling water molecules,blooming flowers,drought conditions,,,,,,,B,A,False,generate,A,106,8,The correct answer is A. sunlight,97.87751396652311,,,
SPLIT_0_OF_1,101,Which animal is considered a predator?,ant,snake,elephant,giraffe,,,,,,,B,B,True,generate,B,104,8,The correct answer is B. snake,97.43704303400591,,,
SPLIT_0_OF_1,102,Pollinators,enable plants to continue flourishing,play an unimportant role in the reproduction process,are useless to plants,are considered unwanted pests,,,,,,,A,A,True,generate,A,118,12,The correct answer is A. enable plants to continue flourishing,132.57272297050804,,,
SPLIT_0_OF_1,103,"A farmer harvests seeds from some plants, such as tomatoes, in order to plant them later on. These seeds, once planted",have their own dirt,have their own sunlight,have a lot of sand,contain their necessary nutrition,,,,,,,D,D,True,generate,D,136,11,The correct answer is D. contain their necessary nutrition,125.34239003434777,,,
SPLIT_0_OF_1,104,What type of characteristics are people not born with?,genetics,skills,physical attributes,height,,,,,,,B,A,False,generate,A,107,8,The correct answer is A. genetics,98.08050200808793,,,
SPLIT_0_OF_1,105,A spinning object is used to make,steam,heat,water,electricity,,,,,,,D,D,True,generate,D,104,8,The correct answer is D. electricity,97.87689498625696,,,
SPLIT_0_OF_1,106,One of the negative consequences of offshore oil platforms is,evaporation of the surrounding water,discharge of liquid petroleum in the surrounding sea,improvement in the conditions of sea life,increase in the birthrate of sea birds,,,,,,,B,A,False,generate,A,132,13,The correct answer is A. evaporation of the surrounding water,142.2465699724853,,,
SPLIT_0_OF_1,107,The unit of measure derived from French word millilitre is a unit used for measuring volume generally used for values between 1 and,1000,250,5000,300,,,,,,,A,A,True,generate,A,137,12,The correct answer is A. 1000,132.64201598940417,,,
SPLIT_0_OF_1,108,"A man's child runs through the yard in the sprinklers, getting mud all over their feet. The child then runs around on the porch, tracking mud everywhere. While the mud is still wet, the man decides to clean off the porch by",getting a new child,yelling at the mud,asking the child to stop,turning on the hose,,,,,,,D,D,True,generate,D,159,7,D. turning on the hose,90.3277030447498,,,
SPLIT_0_OF_1,109,Earthquakes,only happen in California,cause solar and lunar eclipses,will break your vases,make bridges much safer,,,,,,,C,D,False,generate,D,115,11,The correct answer is D. make bridges much safer,123.11762402532622,,,
SPLIT_0_OF_1,110,A seismograph can accurately describe,how rough the footing will be,how bad the weather will be,how stable the ground will be,how shaky the horse will be,,,,,,,C,C,True,generate,C,124,13,The correct answer is C. how stable the ground will be,141.6363600292243,,,
SPLIT_0_OF_1,111,"Light from further away may appear to be less bright than other, closer sources, such as in which instance?",the sun is always bright,the moon is brighter than stars,the moon is brighter than a floodlight,the sun is darker than the moon,,,,,,,B,C,False,generate,C,140,15,The correct answer is C. the moon is brighter than a floodlight,161.19605099083856,,,
SPLIT_0_OF_1,112,A plant needs a specific climate to grow and,wither,persist,die,decay,,,,,,,B,B,True,generate,B,107,8,The correct answer is B. persist,98.56162901269272,,,
SPLIT_0_OF_1,113,Banging on a drum causes,music to be loud,music to be appealing,reverberations to strike the eardrum,concerts to sell out,,,,,,,C,A,False,generate,A,120,11,The correct answer is A. music to be loud,124.50338300550357,,,
SPLIT_0_OF_1,114,What may have been formed by a volcano?,Mt. McKinley,Lake Pontchartrain,The great lakes,Niagara Falls,,,,,,,A,C,False,generate,C,114,10,The correct answer is C. The great lakes,115.8334210049361,,,
SPLIT_0_OF_1,115,"Humans, cats, dogs, and elephants are known as mammals because their kids are born alive. Non-mammalian babies are born",old,dead,in an egg,big,,,,,,,C,C,True,generate,C,125,10,The correct answer is C. in an egg,115.42491998989135,,,
SPLIT_0_OF_1,116,Wind can cause,basements to flood due to weather,small birds to kill large birds,waterfalls to flow backwards,stones to weather down to pebbles,,,,,,,D,D,True,generate,D,122,6,The correct answer is D,80.04207897465676,,,
SPLIT_0_OF_1,117,Inherited characteristics,include mice being able to navigate a maze,include learning to sit on command,include dolphins doing tricks for their trainers,include spots on a ladybug,,,,,,,D,A,False,generate,A,123,15,The correct answer is A. include mice being able to navigate a maze,157.78753702761605,,,
SPLIT_0_OF_1,118,How could we determine approximately how far a bird is from the ground?,"Measure the altitude of the bird using a reference point, such as a tall building.",Identify the species of bird,Ask the bird how high it was when it returns back to earth,Measure the bird's mass,,,,,,,A,A,True,generate,A,145,7,The correct answer is A.,88.5786900180392,,,
SPLIT_0_OF_1,119,Endangered pandas are sometimes,accidentally dropped into volcanoes,confined to enclosures to be viewed by the public,found eating corn in the middle of North America,made into delicious rare steaks,,,,,,,B,B,True,generate,B,128,16,The correct answer is B. confined to enclosures to be viewed by the public,167.32363996561617,,,
SPLIT_0_OF_1,120,Algae can be found in,reservoir,meat,street,tree,,,,,,,A,A,True,generate,A,103,8,The correct answer is A. reservoir,97.45213098358363,,,
SPLIT_0_OF_1,121,A toaster converts electrical energy into heat energy for toasting much like,a campfire toasts bread,a microwave heats soup,a fire burns paper,a small oven works,,,,,,,D,D,True,generate,D,124,11,The correct answer is D. a small oven works,123.66712396033108,,,
SPLIT_0_OF_1,122,"An octopus, when in danger and unable to swim to safety, may find itself",mimicking other things,melting into sand,creating new homes,mocking other fish,,,,,,,A,A,True,generate,A,123,11,The correct answer is A. mimicking other things,123.11742402380332,,,
SPLIT_0_OF_1,123,What does someone do when creating music?,hit a toy baseball with a bat,shake a baby rattle with your hand,bang the wall with your fist,pluck the strings of a fingerboard with your fingers,,,,,,,D,D,True,generate,D,132,16,The correct answer is D. pluck the strings of a fingerboard with your,166.70787904877216,,,
SPLIT_0_OF_1,124,The pull the human planet space rock orbiter has on certain bodies of dihydrogen monooxide results in?,telescope views,water level fluctuations,animal,plant harvesting,,,,,,,B,A,False,generate,A,124,6,The correct answer is A,79.54891602275893,,,
SPLIT_0_OF_1,125,"Since density = mass / volume, denser liquids such as water sink more than",baby oil,corn syrup or,milk,honey,,,,,,,A,B,False,generate,B,116,10,The correct answer is B. corn syrup or,114.30098896380514,,,
SPLIT_0_OF_1,126,Photosynthesis can be performed by,a cabbage cell,a bee cell,a bear cell,a cat cell,,,,,,,A,A,True,generate,A,111,10,The correct answer is A. a cabbage cell,113.96062100538984,,,
SPLIT_0_OF_1,127,The force exerted on an object and distance traveled have what kind of relationship?,reverse,inverse,equal,direct,,,,,,,D,D,True,generate,D,112,8,The correct answer is D. direct,97.18454699032009,,,
SPLIT_0_OF_1,128,all cells use cellular respiration to,photosynthesize,release waste,perform meiosis,release energy,,,,,,,B,D,False,generate,D,110,5,D. release energy,70.53131202701479,,,
SPLIT_0_OF_1,129,The viewing oriented sensor of a prairie creature are for what?,reproductive purposes,viewing sounds,sensing views,sensing tastes,,,,,,,C,C,True,generate,C,113,9,The correct answer is C. sensing views,105.93354399316013,,,
SPLIT_0_OF_1,130,"A dog is going to have to corral sheep for the afternoon, so it needs to prepare its body for the enormous workload ahead of it. The dog is",breaks for birds on the road,given a large breakfast,eats a few corn cobs,given two apples to watch,,,,,,,B,A,False,generate,A,146,13,The correct answer is A. breaks for birds on the road,143.9663659548387,,,
SPLIT_0_OF_1,131,"A woman sells bracelets that she makes. The bracelets gain popularity, and the woman makes incredibly large amounts of money from the sales. After a while, very few people are still buying the bracelets, so",the woman makes more money,the woman makes the same amount of money,the woman spends more money,the woman makes less money,,,,,,,D,A,False,generate,A,156,7,The correct answer is A.,90.99734196206555,,,
SPLIT_0_OF_1,132,A desert environment is,"dry, grass covered, and humid","lush, green, and tropical","arid, parched, and sun-baked","dry, damp, and lush",,,,,,,C,C,True,generate,C,126,16,"The correct answer is C. arid, parched, and sun-baked",167.42066497681662,,,
SPLIT_0_OF_1,133,Seasons are caused by what rotating on its axis?,Our Planet,The Atmosphere,The Equator,The Sun,,,,,,,A,A,True,generate,A,113,9,The correct answer is A. Our Planet,106.50591301964596,,,
SPLIT_0_OF_1,134,Which is best an letting electricity pass through?,tile flooring,human flesh,hockey stick,a steak knife,,,,,,,D,A,False,generate,A,110,9,The correct answer is A. tile flooring,105.61972099822015,,,
SPLIT_0_OF_1,135,Asteroids crashing on planets can leave behind,"large, bowl-shaped cavities in the ground",aliens and foreign foods,small dents in the planet's core,lakes filled with salty water,,,,,,,A,A,True,generate,A,128,16,"The correct answer is A. large, bowl-shaped cavities in the ground",166.42830695491284,,,
SPLIT_0_OF_1,136,What is the formula of the substance which best helps plants grow,NH4,C4H4,CO2,H2O,,,,,,,D,D,True,generate,D,116,10,The correct answer is D. H2O,114.76306500844657,,,
SPLIT_0_OF_1,137,You can experience a change of pressure when,Yelling really loud,Soaring the skies,Going walking,riding a bike,,,,,,,B,A,False,generate,A,114,11,The correct answer is A. Yelling really loud,122.95451998943463,,,
SPLIT_0_OF_1,138,A small creek absorbing heat energy can result in,the creek water getting colder,a parched creek bed,tributaries branching off from the creek,a runoff of extra water,,,,,,,B,D,False,generate,D,125,13,The correct answer is D. a runoff of extra water.,140.34038002137095,,,
SPLIT_0_OF_1,139,Summertime  happens during June in all but which location?,Australia,in Canada,United States,Europe,,,,,,,A,A,True,generate,A,111,8,The correct answer is A. Australia,97.01711701927707,,,
SPLIT_0_OF_1,140,It takes more water to fill a bathtub than a,lake,pool,stomach,holding tank,,,,,,,C,D,False,generate,D,108,9,The correct answer is D. holding tank,105.66308500710875,,,
SPLIT_0_OF_1,141,The eighth month of the year is winter in,Brazil,Indiana,London,Canada,,,,,,,A,D,False,generate,D,106,8,The correct answer is D. Canada,97.58421801961958,,,
SPLIT_0_OF_1,142,birds use their peckers to catch,dogs,a tan,a ball,bees,,,,,,,D,D,True,generate,D,107,8,The correct answer is D. bees,97.32896200148389,,,
SPLIT_0_OF_1,143,transplanting seedling oaks has a positive impact on,fuel costs,the economy,housing value,the environment,,,,,,,D,D,True,generate,D,113,5,D. the environment,71.19532296201214,,,
SPLIT_0_OF_1,144,What is an example of hunting?,humans throwing a spear through an animal,humans chewing on boiled animal muscles,humans gathering animals in a gate,humans plucking fruit from a tree,,,,,,,A,A,True,generate,A,125,14,The correct answer is A. humans throwing a spear through an animal,149.22146999742836,,,
SPLIT_0_OF_1,145,Which of these has shape that changes depending on the container which it resides within?,paper,wood,stone,orange juice,,,,,,,D,D,True,generate,D,113,9,The correct answer is D. orange juice,106.28490004455671,,,
SPLIT_0_OF_1,146,What would be the flavor if you ate the item that fell and is thought to have hit Sir Issac Newton's head,Sweet,Salty,bitter,sour,,,,,,,A,A,True,generate,A,122,8,The correct answer is A. Sweet,97.45670499978587,,,
SPLIT_0_OF_1,147,Earth's four layers are comprised mainly of,stone,bacteria,water,air,,,,,,,A,D,False,generate,D,105,8,The correct answer is D. air,97.48383000260219,,,
SPLIT_0_OF_1,148,"if coffee sits in the fridge and loses its liquid form, what is that point known as?",the freezing point,the prime point,the boiling point,the melting point,,,,,,,A,A,True,generate,A,123,6,A. the freezing point,80.07128100143746,,,
SPLIT_0_OF_1,149,Mammals give birth to live,children,birds,fish,insects,,,,,,,A,A,True,generate,A,104,8,The correct answer is A. children,97.61014702962711,,,
SPLIT_0_OF_1,150,"If a battery in an electromagnet is active, then what will happen to a nail in that electromagnet?",it loses its magnetization,it loses its charge,it may become magnetized,it gains a charge,,,,,,,C,A,False,generate,A,132,12,The correct answer is A. it loses its magnetization,133.06260004173964,,,
SPLIT_0_OF_1,151,Which of these is a factor in the shape of a fern's seed?,luck,humans,gold,inheritance,,,,,,,D,A,False,generate,A,111,8,The correct answer is A. luck,97.20352198928595,,,
SPLIT_0_OF_1,152,Which is recyclable?,An Elephant,A school notebook,A boat,A lake,,,,,,,B,B,True,generate,B,106,10,The correct answer is B. A school notebook,115.00205897027627,,,
SPLIT_0_OF_1,153,"if the population in a habitat is on a steady decline, what condition is the habitat?",it is a place to emigrate from,it is an ideal habitat,it is an unsustainable habitat,it is a thriving abode,,,,,,,C,C,True,generate,C,134,13,The correct answer is C. it is an unsustainable habitat.,142.83115701982751,,,
SPLIT_0_OF_1,154,A teacher wants to show how to combine two substances together. The two things that he can use in order to mix them completely are,water and soda,water and oil,sand and rocks,salt and bark,,,,,,,A,B,False,generate,B,131,10,The correct answer is B. water and oil,115.44270400190726,,,
SPLIT_0_OF_1,155,Medicine is used to cure but can cause people to have allergic reactions such as,spider bites,vomiting,placebo effect,dance fever,,,,,,,B,A,False,generate,A,116,9,The correct answer is A. spider bites,106.08224204042926,,,
SPLIT_0_OF_1,156,Lightning may lead to,damage to local foliage,rainbows across the sky,growth of local flora,firefighters getting the night off,,,,,,,A,A,True,generate,A,116,11,The correct answer is A. damage to local foliage,123.61536698881537,,,
SPLIT_0_OF_1,157,When would a nocturnal predator most likely hunt?,5 p.m.,12 p.m.,3 a.m.,10 a.m.,,,,,,,C,A,False,generate,A,120,12,The correct answer is A. 5 p.m.,132.13106902549043,,,
SPLIT_0_OF_1,158,Where water be located in its gas form?,inside a disc golf driver,inside of a brass pipe,a mile up in the sky,inside a leather baseball,,,,,,,C,C,True,generate,C,121,13,The correct answer is C. a mile up in the sky,140.34446299774572,,,
SPLIT_0_OF_1,159,Green parts of a life form absorb,carbon dioxide,light,oxygen,water,,,,,,,B,D,False,generate,D,105,8,The correct answer is D. water,96.99082298902795,,,
SPLIT_0_OF_1,160,If a new species of predator joins a community,the new species will become herbivores,prey will experience an increase in population,prey will experience a drop in population,the old species will die out,,,,,,,C,B,False,generate,B,130,14,The correct answer is B. prey will experience an increase in population,149.84398102387786,,,
SPLIT_0_OF_1,161,Why would a perennial plant with an elongated stem a frequently used for lumber fall to the ground?,It's dead,For water,For food,For sun,,,,,,,A,A,True,generate,A,121,2,A,45.291255053598434,,,
SPLIT_0_OF_1,162,I'm an animal with a white fur and a large fluffy tail that lives in arctic regions; what am I?,weasel,snow fox,wolf,polar bear,,,,,,,B,B,True,generate,B,123,9,The correct answer is B. snow fox,105.92379397712648,,,
SPLIT_0_OF_1,163,Dairy is a source of,a vitamin that prevents blood loss,a vitamin that treats amino acid deficiency,a group of fat-soluble secosteroids,a vitamin that helps treat liver problems,,,,,,,C,A,False,generate,A,129,13,The correct answer is A. a vitamin that prevents blood loss,142.20323704648763,,,
SPLIT_0_OF_1,164,"Atomic 26 is drawn to a device, it could be",magnetized,Na,compass,K,,,,,,,A,A,True,generate,A,111,6,The correct answer is A,79.54022596823052,,,
SPLIT_0_OF_1,165,why do tadpoles change into frogs?,tadpoles change to different animals,tadpoles are really just fish,they are young frogs still growing,none of these,,,,,,,C,D,False,generate,D,124,6,D. none of these,79.6466150204651,,,
SPLIT_0_OF_1,166,What do cows eat?,Chickpeas,Chocolate,Steak,Poultry,,,,,,,A,D,False,generate,D,104,9,The correct answer is D. Poultry,106.05137498350814,,,
SPLIT_0_OF_1,167,Which object conducts electricity?,Window,Rubik's Cube,Ship Anchor,Boulder,,,,,,,C,A,False,generate,A,105,8,The correct answer is A. Window,96.97214904008433,,,
SPLIT_0_OF_1,168,Glucose travels,from roots to leaves of a daffodil,from a rose's leaves to the atmosphere,from a daisy's leaves into it's underground support system,from the sun to a sunflower's buds,,,,,,,C,A,False,generate,A,135,16,The correct answer is A. from roots to leaves of a daffodil,166.37087700655684,,,
SPLIT_0_OF_1,169,Evaporation,only happens in the summer,is like nature's disappearing water trick,is caused by snow,involves the disappearance of sunlight,,,,,,,B,A,False,generate,A,116,12,The correct answer is A. only happens in the summer,132.0072779781185,,,
SPLIT_0_OF_1,170,"In order for crops to grow food safely, pesticides are used on them. When it floods, this causes t he what to be poisonous?",air,Corn,Runoff,farmers,,,,,,,C,A,False,generate,A,125,2,A,45.0791860348545,,,
SPLIT_0_OF_1,171,The boy was able to warm the fireplace without a lighter thanks to what?,friction,metal,wishing,magic,,,,,,,A,B,False,generate,B,111,8,The correct answer is B. metal,96.44782403483987,,,
SPLIT_0_OF_1,172,Where would a duck like to live?,the Sahara,Antarctica,the Appalachian mountains,Death Valley,,,,,,,C,A,False,generate,A,108,9,The correct answer is A. the Sahara,105.39618600159883,,,
SPLIT_0_OF_1,173,What do tuna eat?,Atlantic menhaden,Swedish fish,gummy fish,laminariales,,,,,,,A,A,True,generate,A,109,11,The correct answer is A. Atlantic menhaden,122.78077797964215,,,
SPLIT_0_OF_1,174,"A woman notices that she is depressed every autumn, and wonders why. A friend suggests to her that perhaps certain changes that take place as seasons move from warm to cold may be having an effect on her. When pressed for an example of these changes, the friend cites",flowers blooming,grass turning brown,trees growing,blossoms blooming,,,,,,,B,D,False,generate,D,158,11,The correct answer is D. blossoms blooming,123.46341501688585,,,
SPLIT_0_OF_1,175,is it normal for an adult animal to lay eggs?,it has never happened,yes it is standard,it is abnormal and weird,all of these,,,,,,,B,D,False,generate,D,119,6,D. all of these,79.45835002465174,,,
SPLIT_0_OF_1,176,If your dog is overweight,add more fat to their diet,cut back their caloric intake,let them sleep more,increase their caloric intake,,,,,,,B,A,False,generate,A,119,13,The correct answer is A. add more fat to their diet,140.38693998008966,,,
SPLIT_0_OF_1,177,Eyes allow humans,to detect when a traffic light changes,detect sour flavors in candy,hear music at concerts,detect acrid odors in the air,,,,,,,A,A,True,generate,A,121,14,The correct answer is A. to detect when a traffic light changes,148.5623530461453,,,
SPLIT_0_OF_1,178,Organisms covered by layers of sediment,become fossils over night,may end up reanimated over time,develop characteristics for survival,may end up fueling a car,,,,,,,D,A,False,generate,A,122,11,The correct answer is A. become fossils over night,123.02300101146102,,,
SPLIT_0_OF_1,179,The winter solstice is on December 21st in the,counties,north of equator,states,southern hemisphere,,,,,,,B,A,False,generate,A,114,6,The correct answer is A,79.69934598077089,,,
SPLIT_0_OF_1,180,A lake environment is a good setup for what to happen to organic remains?,bleaching,burning,fossilization,drying,,,,,,,C,C,True,generate,C,113,9,The correct answer is C. fossilization,106.20006098179147,,,
SPLIT_0_OF_1,181,were there fossil fuels in the ground when humans evolved?,this was only created by humans,humans predate fossil fuel formation,significant supplies accumulated prior,none of these,,,,,,,C,D,False,generate,D,122,6,D. none of these,79.87294101621956,,,
SPLIT_0_OF_1,182,"The Grand Canyon is massive, with large, high peaks and very deep lows, which was formed when",some water is around it,water rained on it,natural waters weathered it,a pool was opened,,,,,,,C,C,True,generate,C,132,12,The correct answer is C. natural waters weathered it,132.62790499720722,,,
SPLIT_0_OF_1,183,What type of useful product can be made from the moving winds?,wood,bananas,electricity,metal,,,,,,,C,C,True,generate,C,109,8,The correct answer is C. electricity,97.38909901352599,,,
SPLIT_0_OF_1,184,The sides of the canyon are,metal,water,rivers,stone,,,,,,,D,D,True,generate,D,103,4,D. stone,62.66077404143289,,,
SPLIT_0_OF_1,185,which of these people would have the worst air quality at their residence?,a man who lives next to a landfill,a man who lives in a city with the best air quality,none of these,a man who lives in a great suburb,,,,,,,A,A,True,generate,A,137,7,The correct answer is A.,88.524712016806,,,
SPLIT_0_OF_1,186,What is a stopwatch used for?,to rewind 5 minutes,to tell what will happen 5 minutes from now,to voice the time,to measure minutes and hours,,,,,,,D,D,True,generate,D,123,12,The correct answer is D. to measure minutes and hours,131.77060399902984,,,
SPLIT_0_OF_1,187,As a drought worsens the level at an aquifer will,stay the same,fluctuate wildly,decrease,increase,,,,,,,C,C,True,generate,C,113,8,The correct answer is C. decrease,97.42310497676954,,,
SPLIT_0_OF_1,188,Wind frequently helps transport from one place to another,marble statues,molten magma,subterranean termites,exposed topsoil,,,,,,,D,D,True,generate,D,116,11,The correct answer is D. exposed topsoil,123.68944002082571,,,
SPLIT_0_OF_1,189,When a kid slams on the brakes on their bike what is caused?,bike helmet,avoiding accidents,friction,gearing,,,,,,,C,A,False,generate,A,113,7,The correct answer is A.,88.8724360265769,,,
SPLIT_0_OF_1,190,Sources of spices have,crystals,feathers,cell walls,craters,,,,,,,C,A,False,generate,A,103,8,The correct answer is A. crystals,96.651297993958,,,
SPLIT_0_OF_1,191,Conservation,leads to longer drought of resources,leads to longer availability of resources,leads to more consumption,leads to short supply of resources,,,,,,,B,D,False,generate,D,117,14,The correct answer is D. leads to short supply of resources.,150.71650099707767,,,
SPLIT_0_OF_1,192,A tree is not the habitat of a,squirrel,woodpecker,monkey,lion,,,,,,,D,A,False,generate,A,107,6,The correct answer is A,79.94107098784298,,,
SPLIT_0_OF_1,193,Erosion could lead to,a change in the direction of a stream,a change in ocean temperatures,an increase in rainy weather,an increase in plants and animals,,,,,,,A,A,True,generate,A,123,15,The correct answer is A. a change in the direction of a stream,158.04763603955507,,,
SPLIT_0_OF_1,194,A hemisphere experiences summer when,it's tilted towards Jupiter,it's angled towards the moon,it's angled towards the largest star in the solar system,it spins counter clockwise on Earth's axis,,,,,,,C,A,False,generate,A,128,12,The correct answer is A. it's tilted towards Jupiter,132.55753699922934,,,
SPLIT_0_OF_1,195,What date is the amount of daylight minimized,Jul 4th,Feb 29th,May 3rd,Sep 1st,,,,,,,B,A,False,generate,A,118,11,The correct answer is A. Jul 4th,123.74056200496852,,,
SPLIT_0_OF_1,196,Which term is involved with protection by skin?,Eucerin pH5 range,Sagittal plane,pyogenic vibrio,popliteus,,,,,,,A,A,True,generate,A,117,7,The correct answer is A.,88.89704395551234,,,
SPLIT_0_OF_1,197,The reason Earth is so sturdy is because,It is made from rock,It eats three meals a day,It has a loving family,It is made from metal,,,,,,,A,A,True,generate,A,122,13,The correct answer is A. It is made from rock.,140.67449502181262,,,
SPLIT_0_OF_1,198,A plant left in the dark,produces fruit,grows faster,fails to grow,gets greener,,,,,,,C,C,True,generate,C,109,10,The correct answer is C. fails to grow,114.61937299463898,,,
SPLIT_0_OF_1,199,"A boy wants to use his Walkman so that he can listen to some music. When he tries to turn it on, it us unable to, and the boy realizes that he will need",heat,metal,lithium-ion,plastic,,,,,,,C,A,False,generate,A,136,8,The correct answer is A. heat,98.2650289661251,,,
SPLIT_0_OF_1,200,Nuclear activity is the cause of what celestial occurrence?,axial planetary rotation,comets,planetary formation,the sun's rays,,,,,,,D,A,False,generate,A,114,10,The correct answer is A. axial planetary rotation,114.7921800147742,,,
SPLIT_0_OF_1,201,Which source provides the safest water?,River,Sea,Ocean,Rain,,,,,,,D,A,False,generate,A,103,8,The correct answer is A. River,96.76115296315402,,,
SPLIT_0_OF_1,202,"A rabbit has a litter of bunnies! Most of the babies are white, just like the mother rabbit, but one baby has brown spots, like the father rabbit. The father rabbit",spread out some fur,has black on his ears,passed down inherited characteristics,is the same size as the mother,,,,,,,C,C,True,generate,C,151,11,The correct answer is C. passed down inherited characteristics,123.95311996806413,,,
SPLIT_0_OF_1,203,Photosynthesis means plants are unable to,convert sunlight to sand,provide food sources for others,be producers in an ecosystem,make their own food,,,,,,,A,D,False,generate,D,118,7,D. make their own food,88.61139102373272,,,
SPLIT_0_OF_1,204,"Through DNA, a rabbit will have long ears if",rabbits are born with ears,there was a lot of food,genetic contributors had long ears,parents were also rabbits,,,,,,,C,A,False,generate,A,123,12,The correct answer is A. rabbits are born with ears,130.9952070005238,,,
SPLIT_0_OF_1,205,"There are various creatures that live in forests, such as",giant fish,enormous crabs,whitetails,desert jackals,,,,,,,C,A,False,generate,A,114,9,The correct answer is A. giant fish,105.72021803818643,,,
SPLIT_0_OF_1,206,An octopus protects itself with,water splashing,running fast,long hands,pigment squirting,,,,,,,D,D,True,generate,D,109,10,The correct answer is D. pigment squirting,114.41853101132438,,,
SPLIT_0_OF_1,207,Resources decreasing in an environment,induces organisms to use more of their resources,causes an increase in use of resources,causes an uptick in birthrate,induces organisms to be more economical with resources,,,,,,,D,D,True,generate,D,128,16,The correct answer is D. induces organisms to be more economical with resources.,166.22412396827713,,,
SPLIT_0_OF_1,208,The sidewalk next to a house having a crack in it and having vegetation growing from it is considered?,insects,weathering,lava,erosion,,,,,,,B,D,False,generate,D,117,8,The correct answer is D. erosion,97.16148400912061,,,
SPLIT_0_OF_1,209,"If you wanted to make a necklace, how long would you have to wait for the materials to appear inside the Earth?",millions of years,1 day,10 days,100 days,,,,,,,A,A,True,generate,A,131,2,A,45.557321049273014,,,
SPLIT_0_OF_1,210,Moon phases,change the moon into cheese,alter the way the moon's facade looks,change moon lakes into vapor,cause lunar eclipse every day,,,,,,,B,B,True,generate,B,118,15,The correct answer is B. alter the way the moon's facade looks,157.6567660085857,,,
SPLIT_0_OF_1,211,"If hot water were poured on an arm, what would happen to internal organs?",they would be scalded,organs would remain uneffected,they would begin to decay,they would experience pain,,,,,,,B,A,False,generate,A,129,13,The correct answer is A. they would be scalded,141.3261559791863,,,
SPLIT_0_OF_1,212,Barnyard bovines,eat organic chicken,eat eggs,eat beef,eat alfalfa hay,,,,,,,D,D,True,generate,D,110,11,The correct answer is D. eat alfalfa hay,122.36887798644602,,,
SPLIT_0_OF_1,213,Desert environments features,tropical plants,tons of sun,massive rain totals,icy precipitation,,,,,,,B,A,False,generate,A,107,7,The correct answer is A.,88.75461103161797,,,
SPLIT_0_OF_1,214,"a large cluster of humans, dogs, apple trees, atmosphere and more can be called",army of ants,a community,a toy store,a shopping mall,,,,,,,B,B,True,generate,B,121,9,The correct answer is B. a community,105.45740701491013,,,
SPLIT_0_OF_1,215,"A person is considering various organs, and is looking at which ones will be most muscular. A contender for most muscular is",the lungs,the kidney,the heart,the liver,,,,,,,C,A,False,generate,A,125,9,The correct answer is A. the lungs,105.55040201870725,,,
SPLIT_0_OF_1,216,Which pair don't reproduce the same way?,rabbit and hare,mule and hinny,cat and catfish,caterpillar and butterfly,,,,,,,C,B,False,generate,B,117,12,The correct answer is B. mule and hinny,131.7157429875806,,,
SPLIT_0_OF_1,217,Which of the following is warm blooded?,toad,snake,turtle,skunk,,,,,,,D,A,False,generate,A,107,9,The correct answer is A. toad,105.56637198897079,,,
SPLIT_0_OF_1,218,"A male bird spots a female of his species and begins a fancy dance, flashing his bright feathers around in the air, showing off. This male is attempting to procure",a manager,an agent,a meal,a reproductive companion,,,,,,,D,D,True,generate,D,135,6,D. a reproductive companion,80.08456899551675,,,
SPLIT_0_OF_1,219,Vast quantities of metal can be obtained from,a quarry,concerts,forests,salt,,,,,,,A,A,True,generate,A,107,9,The correct answer is A. a quarry,106.15183599293232,,,
SPLIT_0_OF_1,220,Roasting a turkey requires adding what type of energy,Heat,Kinetic,Magnetic,Chemical,,,,,,,A,A,True,generate,A,108,2,A,44.958389014936984,,,
SPLIT_0_OF_1,221,Dry environments often,liberally use water for everything,allow plants to flourish,require people to move,institute rules about water usage,,,,,,,D,D,True,generate,D,115,12,The correct answer is D. institute rules about water usage,130.3934910101816,,,
SPLIT_0_OF_1,222,Phloem moves things around a plant similar to how,blood moves in a body,leaves move in the wind,water moves in a system,cars move on a street,,,,,,,A,A,True,generate,A,124,2,A,45.086749945767224,,,
SPLIT_0_OF_1,223,Where would a polar bear be most comfortable?,Arizona,Georgia,Florida,Nebraska,,,,,,,D,A,False,generate,A,105,8,The correct answer is A. Arizona,96.88305499730632,,,
SPLIT_0_OF_1,224,"When a plane is in the sky and is several miles away, the light seen is barely visible, but when it is drawing near",light is far away,light is more easily seen,light is more distant,light is further away,,,,,,,B,B,True,generate,B,136,12,The correct answer is B. light is more easily seen,133.00686003640294,,,
SPLIT_0_OF_1,225,Members of rock bands often perform with,flutes,sandals,earplugs,gloves,,,,,,,C,A,False,generate,A,107,6,The correct answer is A,80.16211097128689,,,
SPLIT_0_OF_1,226,Muscles move bones to produce movement like when,arms are resting,hair is growing,smiles are invisible,toes are wiggled,,,,,,,D,D,True,generate,D,116,12,The correct answer is D. toes are wiggled,131.9166169851087,,,
SPLIT_0_OF_1,227,How is electricity produced from the ocean?,decaying organic material from sealife,energy is accessed underwater from tides,drills to access oil supplies,chemical reactions produced from the salt in the water,,,,,,,B,D,False,generate,D,128,7,The correct answer is D.,88.72706000693142,,,
SPLIT_0_OF_1,228,small reptile's diet consists mostly of,invertebrates,insects,mammals,fish,,,,,,,B,A,False,generate,A,107,10,The correct answer is A. invertebrates,114.0053000417538,,,
SPLIT_0_OF_1,229,The life work of a flower is to,provide nice scents,be successfully fertilized,grow very tall,look pretty,,,,,,,B,A,False,generate,A,114,11,The correct answer is A. provide nice scents,123.11150797177106,,,
SPLIT_0_OF_1,230,Which of these would create the most sound if struck with a metal spoon?,the plastic water bottle,the backside of a person,the hair on a doll,the chassis of a car,,,,,,,D,A,False,generate,A,127,11,The correct answer is A. the plastic water bottle,122.35057400539517,,,
SPLIT_0_OF_1,231,During landslides there is often a lot of,air,mud,snow,wind,,,,,,,B,B,True,generate,B,107,8,The correct answer is B. mud,96.54862800380215,,,
SPLIT_0_OF_1,232,An example of a chemical reaction would be,A rusty fence,Sleeping,Drinking water,Rain,,,,,,,A,A,True,generate,A,108,7,The correct answer is A.,88.37675303220749,,,
SPLIT_0_OF_1,233,The size of an object and the ability to see it more easily have what kind of relationship?,equal,inverse,direct,reverse,,,,,,,C,D,False,generate,D,115,8,The correct answer is D. reverse,96.19836899219081,,,
SPLIT_0_OF_1,234,Tuna primarily eat,"parasites, soybeans and flaxseeds","sea turtles, sharks and coral reefs","spineless marine organisms, cartilaginous and gelatinous organisms","sea vegetables like kelp, Irish moss and Arame",,,,,,,C,A,False,generate,A,138,7,The correct answer is A.,88.95354700507596,,,
SPLIT_0_OF_1,235,Evaporation of water can lead to,waterfalls,blizzards,earthquakes,hot springs,,,,,,,B,A,False,generate,A,108,9,The correct answer is A. waterfalls,105.54649698315188,,,
SPLIT_0_OF_1,236,What is an electrical energy conductor?,horseshoe,tire,cotton shirt,maple branch,,,,,,,A,A,True,generate,A,107,10,The correct answer is A. horseshoe,114.0102109638974,,,
SPLIT_0_OF_1,237,What kind of substance will cool when it touches a cold object?,warm,frozen,chilly,cold,,,,,,,A,D,False,generate,D,109,8,The correct answer is D. cold,97.1651739673689,,,
SPLIT_0_OF_1,238,Scraping an object,may cause the object to grow in size,may cause the object to fall,may cause pieces to flake off the object,may cause the object to snap in half,,,,,,,C,A,False,generate,A,129,7,The correct answer is A.,89.34278500964865,,,
SPLIT_0_OF_1,239,A pulley is used to lift a flag on a flagpole by,moving a rope sideways,putting something in the air,moving things with wheels,yanking string up a wheel,,,,,,,D,D,True,generate,D,126,13,The correct answer is D. yanking string up a wheel,141.42211998114362,,,
SPLIT_0_OF_1,240,Which animal lays eggs,emus,dogs,squirrels,giraffes,,,,,,,A,A,True,generate,A,105,9,The correct answer is A. emus,105.65161897102371,,,
SPLIT_0_OF_1,241,Dunes can be made out of the same thing as,clothes,food,forests,castles,,,,,,,D,A,False,generate,A,109,8,The correct answer is A. clothes,97.11109899217263,,,
SPLIT_0_OF_1,242,A learned behavior is exhibited when,squinting in bright light,inhaling and exhaling during sleep,blinking and gulping air,nailing up a picture frame,,,,,,,D,A,False,generate,A,123,13,The correct answer is A. squinting in bright light,139.89466096973047,,,
SPLIT_0_OF_1,243,Wax can be used similarly to,wood,rubber,water,metal,,,,,,,B,D,False,generate,D,104,8,The correct answer is D. metal,96.38731798622757,,,
SPLIT_0_OF_1,244,Bill planted rapeseed in his field one year and soybeans the next in order to,get bigger yields,make things boring,keep things random,get smaller yields,,,,,,,A,A,True,generate,A,123,10,The correct answer is A. get bigger yields,113.85497299488634,,,
SPLIT_0_OF_1,245,What is the primary reason my duck feather filled jacket works well against the snow,feathers slows heat transfer,the natural duck wax,a synthetic thick liner,small flexible solar panels,,,,,,,A,A,True,generate,A,124,2,A,44.968732981942594,,,
SPLIT_0_OF_1,246,Turbines churning seawater can be used to produce what?,a charge for appliances,large quantities of soup,large schools of fish,creating some sharp cheese,,,,,,,A,A,True,generate,A,122,11,The correct answer is A. a charge for appliances,122.85997596336529,,,
SPLIT_0_OF_1,247,What will increase when a substance absorbs solar energy?,weight,height,hotness,nutrition,,,,,,,C,C,True,generate,C,107,9,The correct answer is C. hotness,105.87511101039127,,,
SPLIT_0_OF_1,248,Which of these travels through the air?,planets,thoughts,automobile,music,,,,,,,D,A,False,generate,A,104,8,The correct answer is A. planets,97.13404800277203,,,
SPLIT_0_OF_1,249,"A company makes notebooks for college courses, so their main material is",chips,water,grass,trees,,,,,,,D,A,False,generate,A,110,8,The correct answer is A. chips,97.07588003948331,,,
SPLIT_0_OF_1,250,Rain is usually guaranteed when all are present but,cirrus clouds,cumulus clouds,hail stones,direct sunshine,,,,,,,D,A,False,generate,A,112,10,The correct answer is A. cirrus clouds,114.67457702383399,,,
SPLIT_0_OF_1,251,Sources of air pollution are,Walking,Landfills,Water,Chips,,,,,,,B,A,False,generate,A,103,8,The correct answer is A. Walking,96.34802502114326,,,
SPLIT_0_OF_1,252,What are iron nails made out of?,wood,plastic,metal,glass,,,,,,,C,C,True,generate,C,104,8,The correct answer is C. metal,97.28444303618744,,,
SPLIT_0_OF_1,253,Putting one kind of soda into the same cup as another kind of soda is doing what to the substances?,combining,drinking,Subtracting,throwing,,,,,,,A,A,True,generate,A,118,4,A. combining,62.582042010035366,,,
SPLIT_0_OF_1,254,A moth leaving it's cocoon is the final step in a,life cycle,transformation,recycling process,chemical reaction,,,,,,,B,A,False,generate,A,113,5,A. life cycle,71.09555799979717,,,
SPLIT_0_OF_1,255,Which of these combinations would be desired if someone wanted to make a cutting implement that lasts a long time?,ice and snow,sticks and stones,snow and water,iron and carbon,,,,,,,D,D,True,generate,D,125,6,D. iron and carbon,80.12416400015354,,,
SPLIT_0_OF_1,256,Which of the following is powered the same way an electric car is?,a bicycle,a motorcycle,a propane grill,a blender,,,,,,,D,A,False,generate,A,115,9,The correct answer is A. a bicycle,105.0202629994601,,,
SPLIT_0_OF_1,257,Aluminum is what?,reprocessable,plastic,liquid,absorbent,,,,,,,A,A,True,generate,A,103,6,The correct answer is A,79.38495598500594,,,
SPLIT_0_OF_1,258,To get warm frogs can,wear a Christmas sweater,Drink a hot chocolate,Go for a run,sit under a lamp,,,,,,,D,A,False,generate,A,114,7,The correct answer is A.,88.49695295793936,,,
SPLIT_0_OF_1,259,"if you put wine from a jug into a thin bottle, how come it conforms?",it exhibits absolute rigidity,it is a solid mass,all of these,it is a variable substance,,,,,,,D,C,False,generate,C,127,10,The correct answer is C. all of these,114.7079190122895,,,
SPLIT_0_OF_1,260,Earthworms create tunnels in,ice,dirt,water,concrete,,,,,,,B,B,True,generate,B,103,8,The correct answer is B. dirt,96.41996398568153,,,
SPLIT_0_OF_1,261,when worms return nutrients from dead organisms to the soil by eating them it is known as,regurgitation,decomposition,recycling,burial,,,,,,,B,B,True,generate,B,116,8,The correct answer is B. decomposition,97.20433497568592,,,
SPLIT_0_OF_1,262,The aluminum cans were much hotter than the,gold jewelry,wooden fence,brass doorknob,steel pole,,,,,,,B,A,False,generate,A,111,9,The correct answer is A. gold jewelry,105.64561403589323,,,
SPLIT_0_OF_1,263,Which of the following is not an input in photosynthesis?,sunlight,oxygen,water,carbon dioxide,,,,,,,B,D,False,generate,D,109,9,The correct answer is D. carbon dioxide,105.41235300479457,,,
SPLIT_0_OF_1,264,which of these are you most likely to find in a desert?,a hammer head shark,a big tilapia fish,a prickly horned male lizard,none of these,,,,,,,C,C,True,generate,C,124,14,The correct answer is C. a prickly horned male lizard,148.9298110245727,,,
SPLIT_0_OF_1,265,"If your dog sits in an oxygen deficient chamber, what happens?",it will be fine,it will be happy,it will be comfortable,It will pass out,,,,,,,D,D,True,generate,D,121,7,D. It will pass out,88.5221780044958,,,
SPLIT_0_OF_1,266,Which of the following can be used to turn on an electrical device?,solar-rechargeable battery,a wedge,a magnet,pressure gauge,,,,,,,A,A,True,generate,A,117,12,The correct answer is A. solar-rechargeable battery,132.2782330098562,,,
SPLIT_0_OF_1,267,Which of the following contains large amounts of salt water?,The Amazon,The Nile,The Indian,The Mississippi,,,,,,,C,A,False,generate,A,111,9,The correct answer is A. The Amazon,105.56865099351853,,,
SPLIT_0_OF_1,268,The nimbleness of this animal is a key adaption that allows it to escape attacks from predators:,the butterfly,the sloth,the praying mantis,the antelope,,,,,,,D,C,False,generate,C,125,11,The correct answer is C. the praying mantis,125.1350540551357,,,
SPLIT_0_OF_1,269,A person speaks English as her first language because,media is mainly in English,school is in English,she was genetically predisposed,she watched her parents speak,,,,,,,D,A,False,generate,A,121,12,The correct answer is A. media is mainly in English,137.00556196272373,,,
SPLIT_0_OF_1,270,what are eaten by honey producing insects?,they consume plants,they eat cows,plant reproduction parts,they eat flowers,,,,,,,C,A,False,generate,A,112,10,The correct answer is A. they consume plants,115.24784396169707,,,
SPLIT_0_OF_1,271,The Earth's closest heat source is,our celestial fireball,solar flares,gamma rays,big bang,,,,,,,A,A,True,generate,A,111,11,The correct answer is A. our celestial fireball,123.21753101423383,,,
SPLIT_0_OF_1,272,How can we see how wind effects sand?,sand is always moving,sandstorms create ripples in sand,sand is easy to move through,beaches often have waves in the sand,,,,,,,B,B,True,generate,B,125,7,The correct answer is B.,88.66588800447062,,,
SPLIT_0_OF_1,273,Fruit comes from what source,an organism that releases carbon dioxide,an organism that absorbs water through it's branches,an organism that absorbs oxygen,an organism that absorbs water through it's roots,,,,,,,D,D,True,generate,D,128,16,The correct answer is D. an organism that absorbs water through it's roots.,167.5829259911552,,,
SPLIT_0_OF_1,274,In which location would a groundhog hide from a wolf?,beside a tree,in the grass,on a stump,under the ground,,,,,,,D,D,True,generate,D,116,6,D. under the ground,80.15871798852459,,,
SPLIT_0_OF_1,275,Cutting down trees in a forest,leads to more habitats for animals,decreases the chance of erosion,increases the number of trees in the forest,leads to less habitats for animals,,,,,,,D,A,False,generate,A,125,13,The correct answer is A. leads to more habitats for animals,140.83918096730486,,,
SPLIT_0_OF_1,276,"I chipped away at a toy doll and the surface became really rough, when I rub it against a piece of wood that will create an increase in",animals,resistance,water,sunshine,,,,,,,B,B,True,generate,B,127,8,The correct answer is B. resistance,96.78903897292912,,,
SPLIT_0_OF_1,277,The arctic is white in coloring,because it's overpopulated with polar bears,because it's covered in white lilies,because it's blanketed in crystalline ice water,because it's gets so little sunlight,,,,,,,C,C,True,generate,C,134,16,The correct answer is C. because it's blanketed in crystalline ice water,167.67517302650958,,,
SPLIT_0_OF_1,278,What would help to ensure that your dog remains free from hypothermia in January in Alaska?,Lots of meat,Lots of love,Vitamin supplements,An insulated room,,,,,,,D,D,True,generate,D,122,6,D. An insulated room,79.80218098964542,,,
SPLIT_0_OF_1,279,The majority of a lizard's diet consists of,fleas,crawlies,gummy worms,berries,,,,,,,B,A,False,generate,A,110,9,The correct answer is A. fleas,105.61795096145943,,,
SPLIT_0_OF_1,280,What food production happens in a leaf?,nutrient making process,the breathing,the respiration,the digestion,,,,,,,A,D,False,generate,D,110,9,The correct answer is D. the digestion,105.27820704737678,,,
SPLIT_0_OF_1,281,Plants are unable to grow if they have zero access to,a nice cool breeze,fresh soil with manure,a regular source of saltwater,needs required for creating chlorophyll,,,,,,,D,D,True,generate,D,127,14,The correct answer is D. needs required for creating chlorophyll,149.61114403558895,,,
SPLIT_0_OF_1,282,Which characteristic did a person inherit?,length of hair,number of friends,number of nails,length of shirt,,,,,,,C,A,False,generate,A,111,10,The correct answer is A. length of hair,114.58644998492673,,,
SPLIT_0_OF_1,283,Selective deforestation has a negative impact on,rain clouds and ozone layer,"lakes, ponds and shellfish",greenhouse gases and algae,living organisms in ecosystem,,,,,,,D,D,True,generate,D,120,12,The correct answer is D. living organisms in ecosystem.,131.8401680327952,,,
SPLIT_0_OF_1,284,Where would you find a mine?,in a tree,under a mountain,in the air,in the water,,,,,,,B,B,True,generate,B,111,10,The correct answer is B. under a mountain,114.39707799581811,,,
SPLIT_0_OF_1,285,What can cause people to crash their car?,Seeing a solar eclipse,Using their turn signals,Driving the speed limit,Keeping their eyes on the road,,,,,,,A,A,True,generate,A,119,14,The correct answer is A. Keeping their eyes on the road.,149.61675700033084,,,
SPLIT_0_OF_1,286,Coral grows in,frigid waters,tepid seas,glacial environments,jungle forests,,,,,,,B,A,False,generate,A,108,10,The correct answer is A. frigid waters,114.65220700483769,,,
SPLIT_0_OF_1,287,"A Punnett square is used to identify the percent chance of a trait being passed down from a parent to its offspring, so",certain things may be featured,certain features may be predicted,certain traits may be given,certain features may be guaranteed,,,,,,,B,A,False,generate,A,138,12,The correct answer is A. certain things may be featured,132.0745920529589,,,
SPLIT_0_OF_1,288,"A deer is eating in a field, and wants more food. Regardless of how hard the deer tries, the deer is unable to produce",longer antlers,food for itself,baby deer,urine,,,,,,,B,A,False,generate,A,129,10,The correct answer is A. food for itself,115.88565300917253,,,
SPLIT_0_OF_1,289,Building new areas to dispose of refuse may lead to,community concerns over environmental impact,better air and soil quality,higher value on land parcels,improvement in water supply,,,,,,,A,A,True,generate,A,122,2,A,45.22162699140608,,,
SPLIT_0_OF_1,290,Evaporation,causes puddles to become dried out mud,causes fields of crops to grow faster,causes flowers to bloom abundantly,fills up irrigation ponds,,,,,,,A,D,False,generate,D,120,11,The correct answer is D. fills up irrigation ponds,123.3301920001395,,,
SPLIT_0_OF_1,291,"A field begins to bloom and blossom and plants need to be pollinated. In order to spread seeds, plants will most rely on",pythons,salmon,robins,craters,,,,,,,C,A,False,generate,A,127,10,The correct answer is A. pythons,114.30264299269766,,,
SPLIT_0_OF_1,292,Which item urinates?,airplane,car,mammal,boat,,,,,,,C,A,False,generate,A,103,6,The correct answer is A,79.44454497192055,,,
SPLIT_0_OF_1,293,All of the following are examples of evaporation apart from,Warm breath fogging up a mirror,Morning dew drying on the grass,The water level in a glass decreasing,Sweat drying on skin,,,,,,,A,D,False,generate,D,128,7,D. Sweat drying on skin,88.86361302575096,,,
SPLIT_0_OF_1,294,The lunar cycle also changes,water,colors,the sun,planets,,,,,,,A,D,False,generate,D,103,8,The correct answer is D. planets,96.73187899170443,,,
SPLIT_0_OF_1,295,An organism that makes food for itself,is nutritionally self sustaining,will die faster than other organisms,will need help sustaining strength,is reliant on other organisms for assistance,,,,,,,A,A,True,generate,A,123,12,The correct answer is A. is nutritionally self sustaining,131.28648401470855,,,
SPLIT_0_OF_1,296,What does the respiratory system transfer to the circulatory system?,food,water,nutrients,O,,,,,,,D,C,False,generate,C,108,8,The correct answer is C. nutrients,97.064012021292,,,
SPLIT_0_OF_1,297,"In a closed circuit, electricity will",burn out,charge itself,loop endlessly,resist flow,,,,,,,C,C,True,generate,C,108,9,The correct answer is C. loop endlessly,105.98339495481923,,,
SPLIT_0_OF_1,298,A Punnett square can be used to calculate the chance of a trait being passed to someone's,mother,grandfather,daughter,father,,,,,,,C,D,False,generate,D,116,8,The correct answer is D. father,97.02379000373185,,,
SPLIT_0_OF_1,299,They looked where the log decayed to garden as it would leave the earth,richer,dryer,sandy,harder,,,,,,,A,A,True,generate,A,112,6,The correct answer is A,80.91079298174009,,,
SPLIT_0_OF_1,300,what kind of temperature causes fur shedding?,in freezing cold,a high temperature,in any temperature,a low temperature,,,,,,,B,A,False,generate,A,112,10,The correct answer is A. in freezing cold,117.52241500653327,,,
SPLIT_0_OF_1,301,exposure to fire could result in,wet items,cold items,none of these,combusted items,,,,,,,D,D,True,generate,D,110,6,D. combusted items,80.5139159783721,,,
SPLIT_0_OF_1,302,What is an example of clear weather meaning sunny weather?,more stars are visible on clear nights,cloud cover protects from sunburn,clear days will be warmer,fewer clouds allow for more sunlight,,,,,,,D,D,True,generate,D,127,9,D. fewer clouds allow for more sunlight,105.20096099935472,,,
SPLIT_0_OF_1,303,The special tissues in plants that transport minerals throughout the plant are similar to,a wick,a funnel,a knife,a whisk,,,,,,,A,A,True,generate,A,116,10,The correct answer is A. a wick,114.08299801405519,,,
SPLIT_0_OF_1,304,a compass is a kind of tool for determining direction by pointing,to western Canada shoreline,to the lower pole,to the upper pole,directly to the equator,,,,,,,C,A,False,generate,A,122,11,The correct answer is A. to the upper pole,122.54850496537983,,,
SPLIT_0_OF_1,305,Which of these saws will last longer?,iron saw,aluminium saw,plastic saw,wooden saw,,,,,,,A,D,False,generate,D,109,9,The correct answer is D. wooden saw,105.97605700604618,,,
SPLIT_0_OF_1,306,"although there are many stars visible in the night sky, which is most visible in the day?",the single moon close to us,the orion star cluster,the sun that shines all day,all of these,,,,,,,C,D,False,generate,D,131,6,D. all of these,80.19606000743806,,,
SPLIT_0_OF_1,307,The moon is known for having what feature?,frozen streams of water,large bowl shaped cavities,caves formed by solar winds,groups of large trees,,,,,,,B,A,False,generate,A,119,11,The correct answer is A. frozen streams of water,121.83167203329504,,,
SPLIT_0_OF_1,308,Cellular respiration's trash is,a bug's treasure,a cow's treasure,a plant's treasure,everyone's trash,,,,,,,C,D,False,generate,D,115,10,The correct answer is D. everyone's trash,113.03318996215239,,,
SPLIT_0_OF_1,309,Which of the following human activities can lead to a change in the local ecosystem?,swimming in a lake,building a new subdivision,dancing in a field,going for a hike,,,,,,,B,D,False,generate,D,124,11,The correct answer is D. going for a hike,122.62311100494117,,,
SPLIT_0_OF_1,310,A bird that takes off flying is,using heat to produce motion,using calories to produce motion,using wings to produce heat,using calories to produce energy,,,,,,,B,A,False,generate,A,120,12,The correct answer is A. using heat to produce motion,131.24817103380337,,,
SPLIT_0_OF_1,311,The leading cause of soil and rock erosion is,H2O,CO2,NaCl,Fe,,,,,,,A,A,True,generate,A,110,10,The correct answer is A. H2O,113.56344900559634,,,
SPLIT_0_OF_1,312,Which of these foods might have a negative impact on humans?,Organic corn,Conventional corn,Organic potato,Organic Apples,,,,,,,B,B,True,generate,B,114,10,The correct answer is B. Conventional corn,114.19857502914965,,,
SPLIT_0_OF_1,313,What kind of implement is a compass?,to test heat,for wind speed,it measures distance,it shows direction,,,,,,,D,D,True,generate,D,112,6,D. it shows direction,79.86105902818963,,,
SPLIT_0_OF_1,314,Nectar is taken to,flowers,a hive,a stream,a nest,,,,,,,B,A,False,generate,A,105,8,The correct answer is A. flowers,96.19381197262555,,,
SPLIT_0_OF_1,315,what is the closest source of plasma to our planet?,all of these,the cloud in the sky,the nearest star sulfur burning heavenly body,the bare moon surface,,,,,,,C,A,False,generate,A,122,10,The correct answer is A. all of these,113.98408899549395,,,
SPLIT_0_OF_1,316,"A sailor needs to navigate to the shore, and does this by",closing the sails quickly,setting out to sea,making an adjustment to the rudder,taking the afternoon off,,,,,,,C,A,False,generate,A,125,11,The correct answer is A. closing the sails quickly,122.40901699988171,,,
SPLIT_0_OF_1,317,A bat starts its life similarly to a,chicken,pig,butterfly,duck,,,,,,,B,A,False,generate,A,105,6,The correct answer is A,79.27922200178728,,,
SPLIT_0_OF_1,318,"In order to catch a rabbit, a predator must be",big,quick,slow,small,,,,,,,B,B,True,generate,B,108,8,The correct answer is B. quick,96.4737450121902,,,
SPLIT_0_OF_1,319,"If a bird is a carnivore, then it is likely a(n)",prey,predator,herbivore,canary,,,,,,,B,A,False,generate,A,114,8,The correct answer is A. prey,96.22407902497798,,,
SPLIT_0_OF_1,320,A warm-weather organism can be found in,the Sahara,the mountains,the ocean,the sewers,,,,,,,A,C,False,generate,C,111,9,The correct answer is C. the ocean,104.77500699926168,,,
SPLIT_0_OF_1,321,"When approaching an elephant from a great distance,",it stays large,it grows larger,it gets bigger,it looks bigger,,,,,,,D,A,False,generate,A,113,10,The correct answer is A. it stays large,114.17891696328297,,,
SPLIT_0_OF_1,322,What would cause a human to grow?,light waves,eating wheat,photosynthesis,marching,,,,,,,B,C,False,generate,C,107,9,The correct answer is C. photosynthesis,105.44843500247225,,,
SPLIT_0_OF_1,323,A saguaro has adaptations for an environment with,lots of snow,many people,less water,more water,,,,,,,C,D,False,generate,D,112,5,D. more water,70.95757796196267,,,
SPLIT_0_OF_1,324,There are less hummingbirds by this house than before because of,a feeder at this house,the birds no longer like feeders,the size of the feeder,a feeder at another house,,,,,,,D,A,False,generate,A,127,12,The correct answer is A. a feeder at this house,130.90537302196026,,,
SPLIT_0_OF_1,325,the  oceans are full of,water lilies,guppies,sea life,fresh water,,,,,,,C,C,True,generate,C,108,9,The correct answer is C. sea life,105.23673897841945,,,
SPLIT_0_OF_1,326,A light was off because the cord was,sitting on the table,attached to the wall,attached to an extension cord,attached to a battery pack,,,,,,,A,C,False,generate,C,119,12,The correct answer is C. attached to an extension cord,131.60264398902655,,,
SPLIT_0_OF_1,327,"In the hottest months in the hottest desert, creatures such as birds may find water to drink",in sticks,in pebbles,in sand,in spiked plants,,,,,,,D,A,False,generate,A,122,9,The correct answer is A. in sticks,105.05491599906236,,,
SPLIT_0_OF_1,328,Why might a polar bear grow white hair?,look fancy,random,blend in,stand out,,,,,,,C,C,True,generate,C,108,9,The correct answer is C. blend in,105.57141504250467,,,
SPLIT_0_OF_1,329,Xylem,discourages pests from landing on leaves,allows plants to move carbon dioxide from root to stems,carries seedlings from roots to leaves,allows plants to move rain thru their systems,,,,,,,D,B,False,generate,B,128,16,The correct answer is B. allows plants to move carbon dioxide from root to stems,166.11597000155598,,,
SPLIT_0_OF_1,330,A food that is a source of heat is,ramen,salad,ice cream,sushi,,,,,,,A,A,True,generate,A,108,9,The correct answer is A. ramen,105.38154101232067,,,
SPLIT_0_OF_1,331,When heat is added to something,contaminates may be destroyed,bacterial can grow more rapidly,viruses may be picked up,the thing loses energy,,,,,,,A,D,False,generate,D,118,12,The correct answer is D. the thing loses energy.,132.15959002263844,,,
SPLIT_0_OF_1,332,The heart is an example of,a part of the nervous system,an organ that filters toxins,a self-healing protector from germs,something protected by the skeletal system,,,,,,,D,A,False,generate,A,124,13,The correct answer is A. a part of the nervous system,140.27698000427336,,,
SPLIT_0_OF_1,333,Prey are eaten by,an animal herded by sheep dogs,the animal with a starring role in Bambi,animals known for their memory,the fastest mammal with four legs,,,,,,,D,A,False,generate,A,126,14,The correct answer is A. an animal herded by sheep dogs,148.77174596767873,,,
SPLIT_0_OF_1,334,A dog is warm-blooded just like,a snake,a cardinal,a spider,a scorpion,,,,,,,B,A,False,generate,A,110,9,The correct answer is A. a snake,105.20046896999702,,,
SPLIT_0_OF_1,335,A flashlight will need this in order to radiate photons:,radiation,acoustic energy,vibrations,electron flow,,,,,,,D,A,False,generate,A,110,8,The correct answer is A. radiation,96.77951800404117,,,
SPLIT_0_OF_1,336,to find out how fast you are going you first need to know,where you're going,distance traveled,distance to travel,home location,,,,,,,B,B,True,generate,B,117,9,The correct answer is B. distance traveled,106.15704202791676,,,
SPLIT_0_OF_1,337,"A small lamb, two days old, is walking with its mother. The mother feels ill, so refuses food, which dries up her milk production. The lack of lactation causes the lamb to",weaken,strengthen,coexist,thrive,,,,,,,A,A,True,generate,A,138,4,A. weaken,62.48057499760762,,,
SPLIT_0_OF_1,338,"When trying to find fresh clams for dinner, a hungry person would don",a dinner jacket,a diving suit,a warm coat,a dress suit,,,,,,,B,A,False,generate,A,120,10,The correct answer is A. a dinner jacket,114.2817969666794,,,
SPLIT_0_OF_1,339,How do polar bears survive the cold?,B and D,Double Fur Coats,Cold blooded,Compact ears,,,,,,,A,B,False,generate,B,112,11,The correct answer is B. Double Fur Coats,123.40250296983868,,,
SPLIT_0_OF_1,340,A solid is likely to form in extreme,floods,wind,chill,rain,,,,,,,C,C,True,generate,C,105,8,The correct answer is C. chill,97.04335604328662,,,
SPLIT_0_OF_1,341,What are the feet of Dendrocygna autumnalis designed for?,catching prey,aquatic speed,flying,walking,,,,,,,B,D,False,generate,D,114,8,The correct answer is D. walking,98.17872400162742,,,
SPLIT_0_OF_1,342,What is an example of fire giving off light?,an oven is preheated and the pilot light is lit,a match is lit to light a cigarette,a lit candle in a window signalling to someone,a fire that was put out to send smoke signals,,,,,,,C,A,False,generate,A,141,16,The correct answer is A. an oven is preheated and the pilot light,166.58335301326588,,,
SPLIT_0_OF_1,343,The respiratory system works by,directing oxygen from lungs to other organs,pushing air through lungs,moving air in a room,making air quality better,,,,,,,A,A,True,generate,A,118,14,The correct answer is A. directing oxygen from lungs to other organs,149.82554700691253,,,
SPLIT_0_OF_1,344,Animals have more fat,in the ocean,in human homes,in landfills,in polar areas,,,,,,,D,A,False,generate,A,110,10,The correct answer is A. in the ocean,113.75050497008488,,,
SPLIT_0_OF_1,345,A stick bug uses what to protect itself from predators?,poison,its appearance,speed,hearing,,,,,,,B,A,False,generate,A,108,8,The correct answer is A. poison,99.92207097820938,,,
SPLIT_0_OF_1,346,Corn is sometimes used to make,a simple alcohol,water,glass,milk,,,,,,,A,A,True,generate,A,105,7,The correct answer is A.,88.6816150159575,,,
SPLIT_0_OF_1,347,The inside of the Thanksgiving turkey is white instead of pink because of,heat energy,light energy,color energy,color transfusion,,,,,,,A,A,True,generate,A,115,9,The correct answer is A. heat energy,104.7546390327625,,,
SPLIT_0_OF_1,348,Little puppies are a result of:,reproduction ?,pet store sale,a begging child,evolution,,,,,,,A,A,True,generate,A,107,8,The correct answer is A. reproduction,97.22649899777025,,,
SPLIT_0_OF_1,349,What would a Jersey most likely be fed?,hamburger,moles,alfalfa,cow,,,,,,,C,D,False,generate,D,107,8,The correct answer is D. cow,97.1773469937034,,,
SPLIT_0_OF_1,350,Which of these energy sources generates the least amount of pollution?,coal,windmill,lithium batteries,gasoline,,,,,,,B,A,False,generate,A,110,8,The correct answer is A. coal,96.95828304393217,,,
SPLIT_0_OF_1,351,Grass snakes live in what?,trees,mountains,lakes,turf,,,,,,,D,D,True,generate,D,103,8,The correct answer is D. turf,96.24208800960332,,,
SPLIT_0_OF_1,352,Cephalopod ink is by octopuses to,mate,feed,hide,play,,,,,,,C,A,False,generate,A,109,8,The correct answer is A. mate,96.70531400479376,,,
SPLIT_0_OF_1,353,Tapping a drumstick to a drum will,reverberate when touched together,vibrate when next to each other,shake around when near,put each other down,,,,,,,A,A,True,generate,A,123,7,The correct answer is A.,87.95071300119162,,,
SPLIT_0_OF_1,354,Snow is more likely to fall two months before,June,March,September,December,,,,,,,B,D,False,generate,D,106,8,The correct answer is D. December,97.10145503049716,,,
SPLIT_0_OF_1,355,If I want to avoid being dinner for some type of frog what should I reincarnate as?,Scorpion,House Fly,Cricket,Moth,,,,,,,A,A,True,generate,A,119,9,The correct answer is A. Scorpion,105.63643503701314,,,
SPLIT_0_OF_1,356,Dead plants are easier to find in,January,July,May,September,,,,,,,A,A,True,generate,A,104,8,The correct answer is A. January,96.83559398399666,,,
SPLIT_0_OF_1,357,The harder a child pushes a toy car,decreases the distance it will travel,the further it will roll across the floor,the quicker the child will want to play with another toy,determines how long the child with play with it,,,,,,,B,A,False,generate,A,135,13,The correct answer is A. decreases the distance it will travel,142.83538499148563,,,
SPLIT_0_OF_1,358,Fossil fuels,come from old age,come from expired life,take two years to create,are created in a year,,,,,,,B,A,False,generate,A,114,11,The correct answer is A. come from old age,124.162059975788,,,
SPLIT_0_OF_1,359,"A star, burning far, far away, has enormous pressure and temperature. This allows for",a room to have overhead lights,night on Earth to be dimly lit,plastic stars to decorate a ceiling,a person to be the star of a show,,,,,,,B,A,False,generate,A,140,7,The correct answer is A.,90.84871597588062,,,
SPLIT_0_OF_1,360,Erosion is caused by different kinds of,soil,fish,rocks,weather,,,,,,,D,D,True,generate,D,106,8,The correct answer is D. weather,98.39939197991043,,,
SPLIT_0_OF_1,361,Respiration is a,happens for some species,happens for only land dwelling mammals,occurs for only sea creatures,commonality among all animals,,,,,,,D,A,False,generate,A,117,11,The correct answer is A. happens for some species,124.45400800788775,,,
SPLIT_0_OF_1,362,"In order for your computer to operate, it must have an electrical path that is what?",magical,closed,broken,open,,,,,,,B,D,False,generate,D,114,4,D. open,63.54042800376192,,,
SPLIT_0_OF_1,363,Polar bears live in,frosty environments,tepid environments,warm environments,tropical environments,,,,,,,A,A,True,generate,A,108,10,The correct answer is A. frosty environments,114.92307402659208,,,
SPLIT_0_OF_1,364,What would be more likely to attract a magnet?,a plastic zipper,flowing water,a car engine,A wooden desk,,,,,,,C,A,False,generate,A,113,10,The correct answer is A. a plastic zipper,115.0582570116967,,,
SPLIT_0_OF_1,365,What constitutes a frog's diet?,it eats all plants,it will eat dogs,it only eats burgers,it chomps on insects,,,,,,,D,D,True,generate,D,117,14,The correct answer is D. it chomps on insects.,150.15426697209477,,,
SPLIT_0_OF_1,366,What is an example of the digestive system digesting food for the body?,a man eating nachos then getting food poisoning,a baby drinking formula then needing a diaper change,a cat eating food then throwing it up,a horse licking a salt lick,,,,,,,B,A,False,generate,A,139,6,The correct answer is A,80.58978797635064,,,
SPLIT_0_OF_1,367,The body is negatively impacted by,white blood cells,vitamins,rotavirus,nasal decongestants,,,,,,,C,A,False,generate,A,110,10,The correct answer is A. white blood cells,114.65604999102652,,,
SPLIT_0_OF_1,368,"Someone wants their electromagnets to work, but is having difficulty powering them. In order to make them work, they need to",run wire through currants,run a continuous current,run around the wire,currently run wire through,,,,,,,B,A,False,generate,A,136,7,The correct answer is A.,89.51156499097124,,,
SPLIT_0_OF_1,369,"if a place has experienced flooding, what could be responsible?",all of these,there has been excess condensed water vapor,the water lacks oxygen,the local deities are angry,,,,,,,B,A,False,generate,A,124,2,A,45.16455199336633,,,
SPLIT_0_OF_1,370,What is an example of reproduction?,farming,egg depositing,flying,walking,,,,,,,B,B,True,generate,B,105,10,The correct answer is B. egg depositing,114.37568400288,,,
SPLIT_0_OF_1,371,A place that is snowy has a large amount of,wind,storms,frozen water,rain,,,,,,,C,C,True,generate,C,108,9,The correct answer is C. frozen water,105.89988197898492,,,
SPLIT_0_OF_1,372,An ideal abode for crickets is,a small potted plant in a house,a green and lush tree and plant packed area,a briny and warm body of water,a area surrounded by spider webs,,,,,,,B,A,False,generate,A,132,15,The correct answer is A. a small potted plant in a house,158.7508210213855,,,
SPLIT_0_OF_1,373,Carbon steel is always what?,attractive to various objects that contain iron,pleasant with a magnetic personality,made up of iron and pieces of magnets,hard as a magnetizing rod,,,,,,,A,D,False,generate,D,124,13,The correct answer is D. hard as a magnetizing rod,140.48031700076535,,,
SPLIT_0_OF_1,374,"if a bat delivers a live offspring, what does this tell us?",it is a mammal,calling it a bird is wrong,all of these,it is capable of reproducing,,,,,,,C,D,False,generate,D,126,9,D. it is capable of reproducing,106.36051499750465,,,
SPLIT_0_OF_1,375,"If you find something smooth and hard on the ground, it is probably made of what?",minerals,mist,clouds,water,,,,,,,A,A,True,generate,A,114,8,The correct answer is A. minerals,97.2896940074861,,,
SPLIT_0_OF_1,376,as you get closer to something it begins to,shrinks down to nothing,grow in size visually,show a large shadow,rotate in a clockwise direction,,,,,,,B,A,False,generate,A,120,12,The correct answer is A. shrinks down to nothing,132.2704489575699,,,
SPLIT_0_OF_1,377,After a storm,ponds may dry out,flowers will wilt and wither,creek beds may be spilling over,drinking water will be in short supply,,,,,,,C,A,False,generate,A,120,11,The correct answer is A. ponds may dry out,123.81268799072132,,,
SPLIT_0_OF_1,378,What could I use as biofuel,Gold,Car,Diamonds,Pine Needles,,,,,,,D,D,True,generate,D,106,10,The correct answer is D. Pine Needles,114.6220329683274,,,
SPLIT_0_OF_1,379,Which animal is hiding from a predator?,a tadpole losing its tail as it grows,an angler fish using its Esca to lure another fish,an octopus mimicking the color and texture of a rocky outcrop,a great white shark breaching the water's surface,,,,,,,C,D,False,generate,D,145,16,The correct answer is D. a great white shark breaching the water's surface,168.11809298815206,,,
SPLIT_0_OF_1,380,Which best demonstrates the concept of force causing an increase in speed?,skating on a rough surface,a full bag swung in circles,a computer powering on,a baker stirring batter,,,,,,,B,A,False,generate,A,124,12,The correct answer is A. skating on a rough surface,131.8814679980278,,,
SPLIT_0_OF_1,381,the night sky shows very far away what,clumps of flaming gas,tidal waves washing over beaches,aircraft falling towards collision,party balloons tied to houses,,,,,,,A,A,True,generate,A,120,12,The correct answer is A. clumps of flaming gas,132.14259798405692,,,
SPLIT_0_OF_1,382,Which would you likely find inside a beach ball?,cheese,steam,water,air,,,,,,,D,C,False,generate,C,106,8,The correct answer is C. water,97.51198801677674,,,
SPLIT_0_OF_1,383,Two fridge decorations when touched back to back,shove each other away,are attracted to each other,have very little reaction,are reflective when together,,,,,,,A,A,True,generate,A,118,11,The correct answer is A. shove each other away,123.61807900015265,,,
SPLIT_0_OF_1,384,Runoff happens because of,birds,cattails,people,fish,,,,,,,C,A,False,generate,A,104,8,The correct answer is A. birds,97.2674849908799,,,
SPLIT_0_OF_1,385,Desert environments are generally,sweltering,arctic like,lush,frigid,,,,,,,A,A,True,generate,A,107,6,The correct answer is A,80.1253910176456,,,
SPLIT_0_OF_1,386,Are deserts characterized by high sunshine?,they get low sunlight,deserts get surplus sun,deserts get little sun,deserts are always cloudy,,,,,,,B,A,False,generate,A,119,11,The correct answer is A. they get low sunlight,123.45534795895219,,,
SPLIT_0_OF_1,387,Water conservation could be a survival tactic in,The Appalachian Mountains,New York City,The Amazon,The Gobi Desert,,,,,,,D,D,True,generate,D,113,11,The correct answer is D. The Gobi Desert,124.50719601474702,,,
SPLIT_0_OF_1,388,Objects used to hold sheets of paper together are often,large,wooden,ferromagnetic,electronic,,,,,,,C,B,False,generate,B,109,8,The correct answer is B. wooden,97.20151597866789,,,
SPLIT_0_OF_1,389,"In order for plants and animals to grow, they need to consume food and water for",energy,fun,taste,soil,,,,,,,A,A,True,generate,A,114,2,A,45.11279001599178,,,
SPLIT_0_OF_1,390,A bear cub learns to stay away from unknown bears because,they are much bigger than the cub,the other bears look like its mother,their mother teaches them to keep their distance,the unknown bears look harmless,,,,,,,C,C,True,generate,C,131,15,The correct answer is C. their mother teaches them to keep their distance,158.51713495794684,,,
SPLIT_0_OF_1,391,a person driving to work in which of these is most likely to lose control?,a dry cobblestone road,a sleet covered highway,a dry paved road,a dry gravel road,,,,,,,B,C,False,generate,C,127,11,The correct answer is C. a dry paved road,123.04379802662879,,,
SPLIT_0_OF_1,392,"The only creature with offspring that is hatched, of these, is the",squirrel,swallow,mink,bat,,,,,,,B,D,False,generate,D,113,8,The correct answer is D. bat,98.2758899917826,,,
SPLIT_0_OF_1,393,What element is prevalent in a plateau?,helium,krypton,silicon,neon,,,,,,,C,C,True,generate,C,105,8,The correct answer is C. silicon,97.62633102945983,,,
SPLIT_0_OF_1,394,"When a city tears down a park in a city, the park",is removed,is renewed,is retrieved,is restored,,,,,,,A,A,True,generate,A,114,2,A,45.1440240140073,,,
SPLIT_0_OF_1,395,Seeds,are useless shells that need to be discarded,store extra bits of chlorophyll,need to be mashed to grow,aid in feeding what grows from them,,,,,,,D,D,True,generate,D,123,15,The correct answer is D. aid in feeding what grows from them.,157.35525800846517,,,
SPLIT_0_OF_1,396,"If a grizzly bear eats a salmon, what is the grizzly bear demonstrating?",consumption,cinematography,direction,production,,,,,,,A,A,True,generate,A,114,2,A,44.89761701552197,,,
SPLIT_0_OF_1,397,The spring season brings,Bees,Snow,More Oxygen,Dust,,,,,,,A,C,False,generate,C,103,9,The correct answer is C. More Oxygen,105.46124400570989,,,
SPLIT_0_OF_1,398,"Kinetic energy can be found in objects that move, such as",flower pots on a wagon,cars that are in a lot,kids that are sleeping soundly,skateboards that are ridden all day,,,,,,,D,D,True,generate,D,130,15,The correct answer is D. skateboards that are ridden all day.,158.4048100048676,,,
SPLIT_0_OF_1,399,which of these is the quickest to go visiting from our world?,none of these,a trip to mars,a trip to the moon,a trip to the northern star,,,,,,,C,A,False,generate,A,123,10,The correct answer is A. none of these,114.17712602997199,,,
SPLIT_0_OF_1,400,Animals died after the removal of a,bush,street,house,city,,,,,,,A,A,True,generate,A,105,8,The correct answer is A. bush,96.90097498241812,,,
SPLIT_0_OF_1,401,"If I want to go running at night, what can I use as a reflector?",A black shirt,Kitchen foil,Sunglasses,A megaphone,,,,,,,B,A,False,generate,A,121,10,The correct answer is A. A black shirt,114.6176450420171,,,
SPLIT_0_OF_1,402,the closest star to our planet delivers solar energy to the planet,maybe,all of these,this is sure,this is uncertain,,,,,,,C,D,False,generate,D,115,11,The correct answer is D. this is uncertain.,121.8219570000656,,,
SPLIT_0_OF_1,403,Coal-fire power stations heat coal to incredible temps in order to,produce energy,use heat energy,burn energy,fuel the world,,,,,,,A,A,True,generate,A,115,2,A,44.863511982839555,,,
SPLIT_0_OF_1,404,"Creatures sometimes have barbs on their backs that they use to sting, all of these do, outside of the",wasp,bee,scorpion,butterfly,,,,,,,D,A,False,generate,A,122,9,The correct answer is A. wasp,105.86571600288153,,,
SPLIT_0_OF_1,405,A renewable resource is,fossil fuel,turbine produced electricity,copper,coal lumps,,,,,,,B,A,False,generate,A,106,9,The correct answer is A. fossil fuel,108.2346829934977,,,
SPLIT_0_OF_1,406,"In a hypothetical world, black bears decrease in numbers until there are zero black bears left on this world. The black bear species",would cease existing,would be troubled,would be thriving,would be endangered,,,,,,,A,D,False,generate,D,130,6,D. would be endangered,80.9733210480772,,,
SPLIT_0_OF_1,407,Acid can be used to make a new,light,substance,electricity,sound,,,,,,,B,B,True,generate,B,106,8,The correct answer is B. substance,97.91342198150232,,,
SPLIT_0_OF_1,408,Global warming is lowering the world's amount of,hurricanes,ocean levels,carbon dioxide,ice,,,,,,,D,D,True,generate,D,108,8,The correct answer is D. ice,97.33478195266798,,,
SPLIT_0_OF_1,409,Echolocation can't detect an object's,distance,shape,size,temperature,,,,,,,D,A,False,generate,A,106,8,The correct answer is A. distance,97.77735697571188,,,
SPLIT_0_OF_1,410,What material has already broken down?,wood,glass,boulders,sand,,,,,,,D,A,False,generate,A,105,8,The correct answer is A. wood,97.14672301197425,,,
SPLIT_0_OF_1,411,Which beverage would dissolve solids the best?,A glass of ice-cold water,A boiling hot mug of tea,A cup of warm milk,A room temperature glass of water,,,,,,,B,A,False,generate,A,124,14,The correct answer is A. A glass of ice-cold water,149.08120298059657,,,
SPLIT_0_OF_1,412,Which animal has live births?,poodle,hummingbird,crocodile,trout,,,,,,,A,A,True,generate,A,105,9,The correct answer is A. poodle,105.90546997264028,,,
SPLIT_0_OF_1,413,Quartz crystals are made up of,majic,hexagons,octogons,water,,,,,,,B,A,False,generate,A,109,7,The correct answer is A.,88.74952496262267,,,
SPLIT_0_OF_1,414,cellular respiration is when energy is produced in a cell by consumption of,water,nutrients,mitochondria,gas,,,,,,,B,B,True,generate,B,113,8,The correct answer is B. nutrients,97.62225300073624,,,
SPLIT_0_OF_1,415,Did pasteurization get invented by Thomas Edison?,negative,positive,all of these,maybe it was,,,,,,,A,C,False,generate,C,110,10,The correct answer is C. all of these,114.29039295762777,,,
SPLIT_0_OF_1,416,A glass of water can undergo a chemical change by adding,a cup of salt,a cup of dirt,a cup of water,a cup of ice,,,,,,,A,A,True,generate,A,120,7,The correct answer is A.,88.8484549941495,,,
SPLIT_0_OF_1,417,Water levels may decrease on cloudless days because,water is warmer than the air,air is warmer than water,moisture is pulled upwards,moisture always tries to rise,,,,,,,C,D,False,generate,D,122,12,The correct answer is D. moisture always tries to rise,132.0409690379165,,,
SPLIT_0_OF_1,418,To change an object's shape,rip off a corner portion,lay it flat on a table,color the edges of it,add a piece of tape to it,,,,,,,A,B,False,generate,B,122,14,The correct answer is B. lay it flat on a table.,149.11002904409543,,,
SPLIT_0_OF_1,419,Steve was driving on the highway when he rear-ended another car because he didn't see it until he was just a foot away. This could have happened because of,reports of tornadoes in the area,a dog running across the highway behind Steve's car,a sudden fog moving into the area,ice forming on the road,,,,,,,C,A,False,generate,A,154,14,The correct answer is A. reports of tornadoes in the area,150.14595398679376,,,
SPLIT_0_OF_1,420,DNA is a vehicle for passing,clothes types,school grades,elbow size,language and dialect,,,,,,,C,D,False,generate,D,108,10,The correct answer is D. language and dialect,115.37495796801522,,,
SPLIT_0_OF_1,421,A beach ball goes from flat to round once you put what inside of it?,food,sunlight,gas,salt,,,,,,,C,A,False,generate,A,112,8,The correct answer is A. food,98.1826949864626,,,
SPLIT_0_OF_1,422,"In general, how many times per month is there a full moon?",twice,three times,once,four times,,,,,,,C,A,False,generate,A,112,8,The correct answer is A. twice,97.99877199111506,,,
SPLIT_0_OF_1,423,What kind of object does light bounce off of?,tadpole,any object,item that reflects,black hole,,,,,,,C,B,False,generate,B,111,9,The correct answer is B. any object,105.86142796091735,,,
SPLIT_0_OF_1,424,The amount of brush in a park has been decreasing. What could be a cause?,the season has been quite dry,There has been a lot of rain,snakes shelter under the brush,People have been walking by the brush on the trails,,,,,,,A,A,True,generate,A,137,13,The correct answer is A. the season has been quite dry,141.22563099954277,,,
SPLIT_0_OF_1,425,"if a pot on the stove is described as hot, what does this mean?",the body of the pot is of high temperature,the body of the pot is cold,all of these,the body of the pot is wet,,,,,,,A,A,True,generate,A,134,16,The correct answer is A. the body of the pot is of high temperature,167.31508600059897,,,
SPLIT_0_OF_1,426,What animal is more difficult for predators to see in water?,a fish,a duck,an octopus,a crab,,,,,,,C,A,False,generate,A,113,9,The correct answer is A. a fish,106.16972198477015,,,
SPLIT_0_OF_1,427,A wedge requires,electrical energy,chemical energy,mechanical energy,heat energy,,,,,,,C,C,True,generate,C,104,9,The correct answer is C. mechanical energy,105.47898599179462,,,
SPLIT_0_OF_1,428,In solid phase matter has a/an,concrete configuration,ambiguous form,shapeless form,radioactive glow,,,,,,,A,A,True,generate,A,109,9,The correct answer is A. concrete configuration,105.26589100481942,,,
SPLIT_0_OF_1,429,"A school trip is going to study the coral reef for a class. They want to see how strong coral is, and what species of life live in and around it. Therefore, the class",takes a trip to the desert,climbs a tall mountain,travels to the seaside,visits a remote jungle,,,,,,,C,C,True,generate,C,149,11,The correct answer is C. travels to the seaside,123.68329899618402,,,
SPLIT_0_OF_1,430,"When ice buildup is on a sidewalk, the ice may be reduced by",adding salt,adding litter,adding sand,adding water,,,,,,,A,A,True,generate,A,115,9,The correct answer is A. adding salt,105.06810405058786,,,
SPLIT_0_OF_1,431,The appropriate place to put this item is the recycling bin,used motor oil,used soda can,used Styrofoam plates,left over medicine,,,,,,,B,A,False,generate,A,119,10,The correct answer is A. used motor oil,114.57795498427004,,,
SPLIT_0_OF_1,432,How many times would someone change the page of a calendar in a year?,13,12,15,14,,,,,,,B,A,False,generate,A,119,10,The correct answer is A. 13,114.5375719643198,,,
SPLIT_0_OF_1,433,A car has the least speed if it,is heavy,is large,is turned off,is small,,,,,,,C,D,False,generate,D,110,9,The correct answer is D. is small,106.70123697491363,,,
SPLIT_0_OF_1,434,Which musical instrument is the same type as a guitar?,flute,cello,drum,trumpet,,,,,,,B,A,False,generate,A,108,8,The correct answer is A. flute,98.25589199317619,,,
SPLIT_0_OF_1,435,The balance result will be number of,kilowatts,kilobytes,kilograms,kilometers,,,,,,,C,A,False,generate,A,108,10,The correct answer is A. kilowatts,115.17602700041607,,,
SPLIT_0_OF_1,436,Which of these is a place where a human might live?,igloo,cloud,Mars,the Moon,,,,,,,A,A,True,generate,A,110,9,The correct answer is A. igloo,104.83949101762846,,,
SPLIT_0_OF_1,437,Camouflage is when an organism does what?,reconfigure appearance to blend in,hides its young to avoid prey,changes its shape to appear larger,buries itself to disappear momentarily,,,,,,,A,A,True,generate,A,125,13,The correct answer is A. reconfigure appearance to blend in,139.87496204208583,,,
SPLIT_0_OF_1,438,Which of these is required for a plant to enjoy the product of a rain storm?,xylem,luck,magic,dirt,,,,,,,A,A,True,generate,A,115,10,The correct answer is A. xylem,112.64244798803702,,,
SPLIT_0_OF_1,439,How does a microscope make small things appear?,humongous,transparent,discolored,distorted,,,,,,,A,D,False,generate,D,109,8,The correct answer is D. distorted,96.81783500127494,,,
SPLIT_0_OF_1,440,Water can turn to vapor,when a pot of water is placed on an off stove burner,when placing water in a freezer,when boiling eggs on a stove top,when placed in a room temperature setting,,,,,,,C,A,False,generate,A,130,16,The correct answer is A. when a pot of water is placed on an off,166.04655602714047,,,
SPLIT_0_OF_1,441,"An incandescent bulb's filament produces similar light as an LED bulb, but more",white light,conversion,heat,sound,,,,,,,C,A,False,generate,A,115,2,A,44.727311993483454,,,
SPLIT_0_OF_1,442,"A boy at school is waiting desperately for the school day to be over so that he can go home and play video games. He watches the time count down on the clock at the head of the class, counting the",seconds,days,weeks,years,,,,,,,A,A,True,generate,A,140,4,A. seconds,62.016626994591206,,,
SPLIT_0_OF_1,443,Camouflage can be used by animals for hunting,water,trees,air,meals,,,,,,,D,A,False,generate,A,106,8,The correct answer is A. water,96.75105003407225,,,
SPLIT_0_OF_1,444,"Carbohydrates are made of sugar, which means that a diabetic would need to exhibit care in consuming",broccoli,meat,celery,toast,,,,,,,D,D,True,generate,D,117,8,The correct answer is D. toast,96.42309200717136,,,
SPLIT_0_OF_1,445,Hand dryers can also be used to,keep cold drinks cool,dry out clothes after coming in from the rain,hydrate your face and hands,make a damp rag damper,,,,,,,B,A,False,generate,A,126,11,The correct answer is A. keep cold drinks cool,122.93587700696662,,,
SPLIT_0_OF_1,446,Polar bears require,a tropical environment,a frigid environment,a tepid environment,a warm environment,,,,,,,B,B,True,generate,B,111,11,The correct answer is B. a frigid environment,121.97904597269371,,,
SPLIT_0_OF_1,447,A measurement of time that is less than a minute is a,day,minute,hour,second,,,,,,,D,D,True,generate,D,109,8,The correct answer is D. second,96.49679897120222,,,
SPLIT_0_OF_1,448,What will be more available in an area when rainfall increases?,fire,air,dirt,H2O,,,,,,,D,D,True,generate,D,110,6,D. H2O,79.01995803695172,,,
SPLIT_0_OF_1,449,When does the first quarter phase of the moon occur?,when you cannot see the moon in the sky at night,after the first phase of the lunar month,after a blue moon,during the full moon,,,,,,,B,C,False,generate,C,130,11,The correct answer is C. after a blue moon,123.00181802129373,,,
SPLIT_0_OF_1,450,An ice cube placed in sunlight will,shrink,change color,grow,freeze,,,,,,,A,D,False,generate,D,105,8,The correct answer is D. freeze,97.0471749897115,,,
SPLIT_0_OF_1,451,"If a person loses his job and is low on money, he will have to start cutting back on how much food he consumes or he'd run out, otherwise known as",destroying,conserving,losing,squandering,,,,,,,B,B,True,generate,B,133,9,The correct answer is B. conserving,105.69336399203166,,,
SPLIT_0_OF_1,452,The skeletal system protects which of these?,liver,eyelashes,finger nails,blood vessels,,,,,,,A,A,True,generate,A,107,8,The correct answer is A. liver,96.53998195426539,,,
SPLIT_0_OF_1,453,What has more gravity force than Earth but less than the sun?,Jupiter,the moon,a space station,a comet,,,,,,,A,A,True,generate,A,113,8,The correct answer is A. Jupiter,97.07097901264206,,,
SPLIT_0_OF_1,454,The dam was put under much more stress after the,party,huge rain storm,drought,breakup.,,,,,,,B,B,True,generate,B,109,10,The correct answer is B. huge rain storm,113.93030697945505,,,
SPLIT_0_OF_1,455,If photosynthesis was a recipe it would require these ingredients,"CO2, water, and argon","sunlight, oxygen, and fertilizer","CO2, H20, and cloudy skies","CO2, H20, and sun rays",,,,,,,D,A,False,generate,A,138,7,The correct answer is A.,88.07551197241992,,,
SPLIT_0_OF_1,456,"If a nail is Fe, that nail is",foreign,atomic 26,nickel,atomic 12,,,,,,,B,A,False,generate,A,112,8,The correct answer is A. foreign,96.96417901432142,,,
SPLIT_0_OF_1,457,when a circle is torn it is,doubled,changed,a smaller circle,a square,,,,,,,B,A,False,generate,A,107,8,The correct answer is A. doubled,96.49344003992155,,,
SPLIT_0_OF_1,458,Wind can cause,leaves to remain on branches,trees to stand perfectly still,dunes at the beach to be depleted,still waters on the ocean,,,,,,,C,D,False,generate,D,119,12,The correct answer is D. still waters on the ocean,130.95294701633975,,,
SPLIT_0_OF_1,459,What happens as water levels rise?,fish swim more,homes are built,land is taller,beaches shrink,,,,,,,D,A,False,generate,A,110,6,The correct answer is A,79.15789500111714,,,
SPLIT_0_OF_1,460,An increase in an object's temperature occurs when,an orange is placed in a refrigerator,a steak is removed from the freezer to defrost,a glass of water is moved from counter top to dinner table,an ice tray is placed in a freezer,,,,,,,B,A,False,generate,A,139,7,The correct answer is A.,88.13327102689072,,,
SPLIT_0_OF_1,461,A sousaphone,is ancient,is a frog,makes deep noises,is a smartphone,,,,,,,C,C,True,generate,C,108,10,The correct answer is C. is a smartphone,114.22496498562396,,,
SPLIT_0_OF_1,462,A cooked lobster is,inedible,cold,dead,green,,,,,,,C,A,False,generate,A,103,7,The correct answer is A.,87.70982304122299,,,
SPLIT_0_OF_1,463,An animal might pant,on a sunny day,during a rain storm,when it is snowing,during the night time,,,,,,,A,A,True,generate,A,114,11,The correct answer is A. on a sunny day,122.58776999078691,,,
SPLIT_0_OF_1,464,Carnivores,eat foliage and vegetables exclusively,are the bottom of the food chain,require prey to survive,require carbon dioxide to survive,,,,,,,C,C,True,generate,C,118,11,The correct answer is C. require prey to survive,122.30951699893922,,,
SPLIT_0_OF_1,465,The light that appears dimmest is,the light in the hall,a light in the room,a star outside the window,a streetlight outside the window,,,,,,,C,D,False,generate,D,122,13,The correct answer is D. a streetlight outside the window,139.410175033845,,,
SPLIT_0_OF_1,466,A plant will grow strong if it has,love,heat,earth,sand,,,,,,,C,C,True,generate,C,105,8,The correct answer is C. earth,96.4147390332073,,,
SPLIT_0_OF_1,467,loose soil can be caused by one of these,a koala sitting on a tree,none of these,a worm burrowing through the earth,a bird flying through the air,,,,,,,C,C,True,generate,C,126,14,The correct answer is C. a worm burrowing through the earth,148.48208997864276,,,
SPLIT_0_OF_1,468,An instinctual behavior is,dogs rolling over on command,frogs returning to the ponds were they hatched to lay eggs,birds mimicking human speech,seals clapping for treats from trainers,,,,,,,B,A,False,generate,A,127,12,The correct answer is A. dogs rolling over on command,130.43827301589772,,,
SPLIT_0_OF_1,469,How do plants reproduce?,seeds,stem,flowers,leaves,,,,,,,A,A,True,generate,A,101,8,The correct answer is A. seeds,97.86577004706487,,,
SPLIT_0_OF_1,470,What produce pollen and seeds?,lakes that are frozen over,things you give a loved one in a bouquet,various types of animals,a person that is healthy,,,,,,,B,A,False,generate,A,121,12,The correct answer is A. lakes that are frozen over,130.96983399009332,,,
SPLIT_0_OF_1,471,which of these would be most ideal for plant root growth?,a sticky clay soil,soil with worms burrowing around,an arid soil with little looseness,all of these,,,,,,,B,D,False,generate,D,125,10,The correct answer is D. all of these,114.18819503160194,,,
SPLIT_0_OF_1,472,Having a sense of touch means,I am the water,I am a tree,I am an Ant,I am the Air,,,,,,,C,A,False,generate,A,115,11,The correct answer is A. I am the water,122.41838901536539,,,
SPLIT_0_OF_1,473,Live birth is exemplified in,snakes slithering out of eggs,a calf emerging from a mother giraffe,owlets pecking out of their encasement,sea turtles emerging from their shells,,,,,,,B,B,True,generate,B,131,15,The correct answer is B. a calf emerging from a mother giraffe,158.4123009815812,,,
SPLIT_0_OF_1,474,Cooking peas requires,fresh briny sea water,an unheated stove top,salt and cayenne pepper,turning on a stove top,,,,,,,D,A,False,generate,A,119,12,The correct answer is A. fresh briny sea water,131.5927620162256,,,
SPLIT_0_OF_1,475,Earth revolves around,the moon,outer space,another planet,an energy source,,,,,,,D,B,False,generate,B,105,9,The correct answer is B. outer space,105.73781799757853,,,
SPLIT_0_OF_1,476,A satellite orbits a,empty space,ocean,terrestrial body,air pocket,,,,,,,C,C,True,generate,C,104,9,The correct answer is C. terrestrial body,105.75086699100211,,,
SPLIT_0_OF_1,477,Will happen to the number of islands if the planet's temperature rises?,they will increase,nothing will happen,they will shrink,they will double,,,,,,,C,A,False,generate,A,118,10,The correct answer is A. they will increase,114.1827609972097,,,
SPLIT_0_OF_1,478,There is a heightened threat of landslide in,the desert,The Andes,the ocean,Indiana,,,,,,,B,B,True,generate,B,109,10,The correct answer is B. The Andes,114.49362197890878,,,
SPLIT_0_OF_1,479,An example of water being an electrical conductor would be what?,lightening hitting water and organisms inside dying,standing in a puddle and avoiding being struck by lightening,standing in a field and getting struck by lightening,grabbing a fence and being shocked,,,,,,,A,A,True,generate,A,140,15,The correct answer is A. lightening hitting water and organisms inside dying,157.83447196008638,,,
SPLIT_0_OF_1,480,What would Occur once between January 1st and December 31st,The moons orbit around the year,One rotation on mercury,The distance between earth and Jupiter when traveling at light speed,A Solar Year on earth,,,,,,,D,A,False,generate,A,135,14,The correct answer is A. The moons orbit around the year.,149.41941801225767,,,
SPLIT_0_OF_1,481,Burning something that reproduces usually will:,impair its well being in some way,weed out weaker members of the species,speed up its biological functions,increase its population growth,,,,,,,A,D,False,generate,D,124,11,The correct answer is D. increase its population growth,122.7391540305689,,,
SPLIT_0_OF_1,482,what does a chipmunk do with acorns,throw them at other chipmunks,leave them where they're found,use them to build shelter,transfer them to the stomach,,,,,,,D,C,False,generate,C,126,12,The correct answer is C. use them to build shelter,131.7889160127379,,,
SPLIT_0_OF_1,483,"A pot of pasta is boiling on the stove, and the lid on top of the pot is shaking as the water boils more rapidly. A person goes to the stove and removes the pot, releasing steam into the air above, and so the steam is",cold air,water vapor,very dry,boiling water,,,,,,,B,A,False,generate,A,151,5,A. cold air,71.35022297734395,,,
SPLIT_0_OF_1,484,A plant that gets extra minerals such as zinc are probably,planted in zinc pills,plated in the sea,placed in good soil,made out of soil,,,,,,,C,A,False,generate,A,120,11,The correct answer is A. planted in zinc pills,123.88130597537383,,,
SPLIT_0_OF_1,485,Which item has a higher altitude?,Tile Floor,Cars,A 6'' Man,A Picture Book,,,,,,,C,A,False,generate,A,110,9,The correct answer is A. Tile Floor,105.99108901806176,,,
SPLIT_0_OF_1,486,"if a student wants an orange, he would have to get it from which of these?",from a live cow,from a live plant,from a volcano cave,from a wild dog,,,,,,,B,A,False,generate,A,126,11,The correct answer is A. from a live cow,123.50009701913223,,,
SPLIT_0_OF_1,487,What could have covered an organism in order to create a trilobite?,Grass,Water,Snow,Sand,,,,,,,D,B,False,generate,B,112,8,The correct answer is B. Water,97.71719900891185,,,
SPLIT_0_OF_1,488,A dog is more likely to shiver at,1 pm,5 am,9 am,6 pm,,,,,,,B,D,False,generate,D,114,10,The correct answer is D. 6 pm,115.18628295743838,,,
SPLIT_0_OF_1,489,"Photosynthesis does what by converting carbon dioxide, water, and sunlight into carbohydrates?",nourishes small protein bits that need to eat with tiny shakes,providing nourishment which enables some growth to vegetation,mixes carbs into soluble plant matter,makes good vegetable protein,,,,,,,B,B,True,generate,B,139,16,The correct answer is B. providing nourishment which enables some growth to vegetation.,166.31527798017487,,,
SPLIT_0_OF_1,490,where might a bunny live?,a thicket,atop palm trees,a sewer system,a deserted island,,,,,,,A,A,True,generate,A,110,10,The correct answer is A. a thicket,113.99700201582164,,,
SPLIT_0_OF_1,491,"A shark will be unable to survive on eating algae and moss, because",it is a predator,it is a vegetarian,it is a freshwater fish,it is a producer,,,,,,,A,D,False,generate,D,124,7,D. it is a producer,88.19585398305207,,,
SPLIT_0_OF_1,492,"A meadow vole just gave birth, and needs to feed herself so that she can produce milk for her babies. She searches for food in a field, and happily munches down on some",oil,deer,bugs,recycled plastic fruit,,,,,,,C,A,False,generate,A,138,8,The correct answer is A. oil,98.42401801142842,,,
SPLIT_0_OF_1,493,The Grand Canyon was formed by,a volcano erupting in 1782,a river named after the 20th state to join the union flowing over time,a river named after the 38th state to join the union flowing over time,the Great Lakes drying up,,,,,,,C,C,True,generate,C,148,7,The correct answer is C.,88.93373399041593,,,
SPLIT_0_OF_1,494,"A woman, with a pale complexion, wants to spend the bright, sunny day at the beach. She makes sure that she stops at the store to pick up some sunblock before she begins to enjoy her day filled with sand and surf. She applies the sunblock carefully and thoroughly, because she knows that",UV rays are harmful,sunlight will be fun,the sun is close,the sun is in space,,,,,,,A,A,True,generate,A,171,7,A. UV rays are harmful,90.33569000894204,,,
SPLIT_0_OF_1,495,A person is heating water in order to cook pasta. He spills the pot of water on his leg and finds that the water,scalds,cools,toasts,freezes,,,,,,,A,A,True,generate,A,126,2,A,45.18700804328546,,,
SPLIT_0_OF_1,496,Pasta may be cooked in water when,the water is warm,the water is on the stove,water is bubbling from applied warmth,the pasta is very fresh,,,,,,,C,A,False,generate,A,123,11,The correct answer is A. the water is warm,123.19338001543656,,,
SPLIT_0_OF_1,497,A decrease in diseases,has no impact on a population,leads to more sick people,leads to less sick people,leads to an uptick in emergency room visits,,,,,,,C,C,True,generate,C,122,13,The correct answer is C. leads to less sick people.,140.34727803664282,,,
SPLIT_0_OF_1,498,"When soil is viewed in a scientific way, what is seen and viewed is actually",insects like big beetles,tiny lifeforms in dirt,small mammals living there,a lot of tiny pebbles,,,,,,,B,B,True,generate,B,130,12,The correct answer is B. tiny lifeforms in dirt,133.06992297293618,,,
SPLIT_0_OF_1,499,Some animals use a liquid coming from their skin to adjust to,cold,water,heat,humidity,,,,,,,C,A,False,generate,A,109,8,The correct answer is A. cold,97.37144300015643,,,
