representation,kv,sharer_layer,codec_layer,frequency_pct,mean_dct_power_unscaled,energy_0_10pct_auxiliary,spectral_centroid_pct_auxiliary
Raw Sharer KV,K,0,4,0.0,93892.51768493652,0.9768542151462192,0.8951737485914827
Raw Sharer KV,K,0,4,1.0,17125.922566810485,0.9768542151462192,0.8951737485914827
Raw Sharer KV,K,0,4,2.0,1070.6089216671883,0.9768542151462192,0.8951737485914827
Raw Sharer KV,K,0,4,3.0,63.23572376833764,0.9768542151462192,0.8951737485914827
Raw Sharer KV,K,0,4,4.0,44.15691118502988,0.9768542151462192,0.8951737485914827
Raw Sharer KV,K,0,4,5.0,26.218716900725852,0.9768542151462192,0.8951737485914827
Raw Sharer KV,K,0,4,6.0,21.171057755793438,0.9768542151462192,0.8951737485914827
Raw Sharer KV,K,0,4,7.0,17.137287498741642,0.9768542151462192,0.8951737485914827
Raw Sharer KV,K,0,4,8.0,26.13482080215588,0.9768542151462192,0.8951737485914827
Raw Sharer KV,K,0,4,9.0,33.73303740708857,0.9768542151462192,0.8951737485914827
Raw Sharer KV,K,0,4,10.0,17.874492268974414,0.9768542151462192,0.8951737485914827
Raw Sharer KV,K,0,4,11.0,11.287861594809204,0.9768542151462192,0.8951737485914827
Raw Sharer KV,K,0,4,12.0,13.996921083845654,0.9768542151462192,0.8951737485914827
Raw Sharer KV,K,0,4,13.0,27.11183878992917,0.9768542151462192,0.8951737485914827
Raw Sharer KV,K,0,4,14.0,27.317888191929082,0.9768542151462192,0.8951737485914827
Raw Sharer KV,K,0,4,15.0,14.579376758256698,0.9768542151462192,0.8951737485914827
Raw Sharer KV,K,0,4,16.0,9.020542456442486,0.9768542151462192,0.8951737485914827
Raw Sharer KV,K,0,4,17.0,7.97943580998108,0.9768542151462192,0.8951737485914827
Raw Sharer KV,K,0,4,18.0,11.674305742256115,0.9768542151462192,0.8951737485914827
Raw Sharer KV,K,0,4,19.0,26.990293304234523,0.9768542151462192,0.8951737485914827
Raw Sharer KV,K,0,4,20.0,67.85019379621372,0.9768542151462192,0.8951737485914827
Raw Sharer KV,K,0,4,21.0,105.89987663044124,0.9768542151462192,0.8951737485914827
Raw Sharer KV,K,0,4,22.0,55.10757296756376,0.9768542151462192,0.8951737485914827
Raw Sharer KV,K,0,4,23.0,25.07312047959477,0.9768542151462192,0.8951737485914827
Raw Sharer KV,K,0,4,24.0,13.615415192288337,0.9768542151462192,0.8951737485914827
Raw Sharer KV,K,0,4,25.0,11.883921869273763,0.9768542151462192,0.8951737485914827
Raw Sharer KV,K,0,4,26.0,13.543071058582283,0.9768542151462192,0.8951737485914827
Raw Sharer KV,K,0,4,27.0,16.87681231315831,0.9768542151462192,0.8951737485914827
Raw Sharer KV,K,0,4,28.0,21.903486842426947,0.9768542151462192,0.8951737485914827
Raw Sharer KV,K,0,4,29.0,39.027828808837114,0.9768542151462192,0.8951737485914827
Raw Sharer KV,K,0,4,30.0,111.80257416638187,0.9768542151462192,0.8951737485914827
Raw Sharer KV,K,0,4,31.0,349.5540091599928,0.9768542151462192,0.8951737485914827
Raw Sharer KV,K,0,4,32.0,797.8012331660094,0.9768542151462192,0.8951737485914827
Raw Sharer KV,K,0,4,33.0,474.03182906757655,0.9768542151462192,0.8951737485914827
Raw Sharer KV,K,0,4,34.0,201.7402137743898,0.9768542151462192,0.8951737485914827
Raw Sharer KV,K,0,4,35.0,75.09074968435148,0.9768542151462192,0.8951737485914827
Raw Sharer KV,K,0,4,36.0,29.338412447290057,0.9768542151462192,0.8951737485914827
Raw Sharer KV,K,0,4,37.0,15.485316844666372,0.9768542151462192,0.8951737485914827
Raw Sharer KV,K,0,4,38.0,10.715912659122843,0.9768542151462192,0.8951737485914827
Raw Sharer KV,K,0,4,39.0,8.079743003039034,0.9768542151462192,0.8951737485914827
Raw Sharer KV,K,0,4,40.0,5.58529426027671,0.9768542151462192,0.8951737485914827
Raw Sharer KV,K,0,4,41.0,3.9181881449252223,0.9768542151462192,0.8951737485914827
Raw Sharer KV,K,0,4,42.0,3.0104899726086325,0.9768542151462192,0.8951737485914827
Raw Sharer KV,K,0,4,43.0,2.4421467731837745,0.9768542151462192,0.8951737485914827
Raw Sharer KV,K,0,4,44.0,2.098990822549675,0.9768542151462192,0.8951737485914827
Raw Sharer KV,K,0,4,45.0,1.927769546849595,0.9768542151462192,0.8951737485914827
Raw Sharer KV,K,0,4,46.0,1.7409307949990034,0.9768542151462192,0.8951737485914827
Raw Sharer KV,K,0,4,47.0,1.6411203528399352,0.9768542151462192,0.8951737485914827
Raw Sharer KV,K,0,4,48.0,1.4932827676576574,0.9768542151462192,0.8951737485914827
Raw Sharer KV,K,0,4,49.0,1.3413622167712316,0.9768542151462192,0.8951737485914827
Raw Sharer KV,K,0,4,50.0,1.1646459239855176,0.9768542151462192,0.8951737485914827
Raw Sharer KV,K,0,4,51.0,1.0299649642556326,0.9768542151462192,0.8951737485914827
Raw Sharer KV,K,0,4,52.0,0.9572313993156419,0.9768542151462192,0.8951737485914827
Raw Sharer KV,K,0,4,53.0,0.9247269729839164,0.9768542151462192,0.8951737485914827
Raw Sharer KV,K,0,4,54.0,0.9561701609060405,0.9768542151462192,0.8951737485914827
Raw Sharer KV,K,0,4,55.0,0.9901930078296575,0.9768542151462192,0.8951737485914827
Raw Sharer KV,K,0,4,56.0,0.9444808859459599,0.9768542151462192,0.8951737485914827
Raw Sharer KV,K,0,4,57.0,0.8763236462208436,0.9768542151462192,0.8951737485914827
Raw Sharer KV,K,0,4,58.0,0.8133540155779337,0.9768542151462192,0.8951737485914827
Raw Sharer KV,K,0,4,59.0,0.720009006823529,0.9768542151462192,0.8951737485914827
Raw Sharer KV,K,0,4,60.0,0.6835167293436821,0.9768542151462192,0.8951737485914827
Raw Sharer KV,K,0,4,61.0,0.6322200225715635,0.9768542151462192,0.8951737485914827
Raw Sharer KV,K,0,4,62.0,0.557544563056435,0.9768542151462192,0.8951737485914827
Raw Sharer KV,K,0,4,63.0,0.4925586183347332,0.9768542151462192,0.8951737485914827
Raw Sharer KV,K,0,4,64.0,0.49234316940128325,0.9768542151462192,0.8951737485914827
Raw Sharer KV,K,0,4,65.0,0.49946755449927854,0.9768542151462192,0.8951737485914827
Raw Sharer KV,K,0,4,66.0,0.5153095467959068,0.9768542151462192,0.8951737485914827
Raw Sharer KV,K,0,4,67.0,0.5469763641519236,0.9768542151462192,0.8951737485914827
Raw Sharer KV,K,0,4,68.0,0.6028869355237115,0.9768542151462192,0.8951737485914827
Raw Sharer KV,K,0,4,69.0,0.6294522636910548,0.9768542151462192,0.8951737485914827
Raw Sharer KV,K,0,4,70.0,0.6798661022286977,0.9768542151462192,0.8951737485914827
Raw Sharer KV,K,0,4,71.0,0.8144869174659831,0.9768542151462192,0.8951737485914827
Raw Sharer KV,K,0,4,72.0,1.0516458153072747,0.9768542151462192,0.8951737485914827
Raw Sharer KV,K,0,4,73.0,1.2969791915186215,0.9768542151462192,0.8951737485914827
Raw Sharer KV,K,0,4,74.0,1.2078899660863678,0.9768542151462192,0.8951737485914827
Raw Sharer KV,K,0,4,75.0,0.8076476608621305,0.9768542151462192,0.8951737485914827
Raw Sharer KV,K,0,4,76.0,0.6272325400327103,0.9768542151462192,0.8951737485914827
Raw Sharer KV,K,0,4,77.0,0.8855899163594596,0.9768542151462192,0.8951737485914827
Raw Sharer KV,K,0,4,78.0,1.2433212770783577,0.9768542151462192,0.8951737485914827
Raw Sharer KV,K,0,4,79.0,1.4439116523359545,0.9768542151462192,0.8951737485914827
Raw Sharer KV,K,0,4,80.0,1.284406201081581,0.9768542151462192,0.8951737485914827
Raw Sharer KV,K,0,4,81.0,0.9505485936961485,0.9768542151462192,0.8951737485914827
Raw Sharer KV,K,0,4,82.0,0.6799439310264994,0.9768542151462192,0.8951737485914827
Raw Sharer KV,K,0,4,83.0,0.5979828492942029,0.9768542151462192,0.8951737485914827
Raw Sharer KV,K,0,4,84.0,0.6140598257182865,0.9768542151462192,0.8951737485914827
Raw Sharer KV,K,0,4,85.0,0.6416191286763934,0.9768542151462192,0.8951737485914827
Raw Sharer KV,K,0,4,86.0,0.8395516225954636,0.9768542151462192,0.8951737485914827
Raw Sharer KV,K,0,4,87.0,1.0379446719826957,0.9768542151462192,0.8951737485914827
Raw Sharer KV,K,0,4,88.0,1.039934653170059,0.9768542151462192,0.8951737485914827
Raw Sharer KV,K,0,4,89.0,0.8954930428270008,0.9768542151462192,0.8951737485914827
Raw Sharer KV,K,0,4,90.0,0.77593949768343,0.9768542151462192,0.8951737485914827
Raw Sharer KV,K,0,4,91.0,0.7991861023640381,0.9768542151462192,0.8951737485914827
Raw Sharer KV,K,0,4,92.0,0.9149630906688986,0.9768542151462192,0.8951737485914827
Raw Sharer KV,K,0,4,93.0,1.061318517967885,0.9768542151462192,0.8951737485914827
Raw Sharer KV,K,0,4,94.0,1.0395032489550062,0.9768542151462192,0.8951737485914827
Raw Sharer KV,K,0,4,95.0,0.8722360668762117,0.9768542151462192,0.8951737485914827
Raw Sharer KV,K,0,4,96.0,0.7059265200886877,0.9768542151462192,0.8951737485914827
Raw Sharer KV,K,0,4,97.0,0.6185582948001688,0.9768542151462192,0.8951737485914827
Raw Sharer KV,K,0,4,98.0,0.5734730769961603,0.9768542151462192,0.8951737485914827
Raw Sharer KV,K,0,4,99.0,0.585862012466678,0.9768542151462192,0.8951737485914827
Raw Sharer KV,K,0,4,100.0,0.5808169257506961,0.9768542151462192,0.8951737485914827
Raw Sharer KV,K,6,10,0.0,157.92954754829407,0.7514128124729001,11.305162483701146
Raw Sharer KV,K,6,10,1.0,43.84733732850287,0.7514128124729001,11.305162483701146
Raw Sharer KV,K,6,10,2.0,15.363667514650146,0.7514128124729001,11.305162483701146
Raw Sharer KV,K,6,10,3.0,8.808816868383436,0.7514128124729001,11.305162483701146
Raw Sharer KV,K,6,10,4.0,6.445023424439133,0.7514128124729001,11.305162483701146
Raw Sharer KV,K,6,10,5.0,6.487538368219976,0.7514128124729001,11.305162483701146
Raw Sharer KV,K,6,10,6.0,6.612854309268298,0.7514128124729001,11.305162483701146
Raw Sharer KV,K,6,10,7.0,4.710480068535544,0.7514128124729001,11.305162483701146
Raw Sharer KV,K,6,10,8.0,4.395296874409542,0.7514128124729001,11.305162483701146
Raw Sharer KV,K,6,10,9.0,4.721930225705728,0.7514128124729001,11.305162483701146
Raw Sharer KV,K,6,10,10.0,3.3953449542517777,0.7514128124729001,11.305162483701146
Raw Sharer KV,K,6,10,11.0,2.6067605544358963,0.7514128124729001,11.305162483701146
Raw Sharer KV,K,6,10,12.0,2.529305237750523,0.7514128124729001,11.305162483701146
Raw Sharer KV,K,6,10,13.0,3.572941360897383,0.7514128124729001,11.305162483701146
Raw Sharer KV,K,6,10,14.0,3.4605599875538604,0.7514128124729001,11.305162483701146
Raw Sharer KV,K,6,10,15.0,2.116440454963595,0.7514128124729001,11.305162483701146
Raw Sharer KV,K,6,10,16.0,1.4623433898715295,0.7514128124729001,11.305162483701146
Raw Sharer KV,K,6,10,17.0,1.3065795290365356,0.7514128124729001,11.305162483701146
Raw Sharer KV,K,6,10,18.0,1.3910426392080268,0.7514128124729001,11.305162483701146
Raw Sharer KV,K,6,10,19.0,1.6649955627880992,0.7514128124729001,11.305162483701146
Raw Sharer KV,K,6,10,20.0,2.1422648108564313,0.7514128124729001,11.305162483701146
Raw Sharer KV,K,6,10,21.0,2.5162912606063768,0.7514128124729001,11.305162483701146
Raw Sharer KV,K,6,10,22.0,1.7945912862359514,0.7514128124729001,11.305162483701146
Raw Sharer KV,K,6,10,23.0,1.3772170424694197,0.7514128124729001,11.305162483701146
Raw Sharer KV,K,6,10,24.0,1.1567066667741166,0.7514128124729001,11.305162483701146
Raw Sharer KV,K,6,10,25.0,1.0786886204150505,0.7514128124729001,11.305162483701146
Raw Sharer KV,K,6,10,26.0,1.0471962535532655,0.7514128124729001,11.305162483701146
Raw Sharer KV,K,6,10,27.0,1.0297764848091187,0.7514128124729001,11.305162483701146
Raw Sharer KV,K,6,10,28.0,0.9970146316173482,0.7514128124729001,11.305162483701146
Raw Sharer KV,K,6,10,29.0,0.9878425374667854,0.7514128124729001,11.305162483701146
Raw Sharer KV,K,6,10,30.0,1.2133684636966788,0.7514128124729001,11.305162483701146
Raw Sharer KV,K,6,10,31.0,2.1641797611076607,0.7514128124729001,11.305162483701146
Raw Sharer KV,K,6,10,32.0,4.201787673002113,0.7514128124729001,11.305162483701146
Raw Sharer KV,K,6,10,33.0,2.96400921574561,0.7514128124729001,11.305162483701146
Raw Sharer KV,K,6,10,34.0,1.8191216956474778,0.7514128124729001,11.305162483701146
Raw Sharer KV,K,6,10,35.0,1.2566113342123564,0.7514128124729001,11.305162483701146
Raw Sharer KV,K,6,10,36.0,1.021321969511919,0.7514128124729001,11.305162483701146
Raw Sharer KV,K,6,10,37.0,0.914274472213583,0.7514128124729001,11.305162483701146
Raw Sharer KV,K,6,10,38.0,0.8307106369349637,0.7514128124729001,11.305162483701146
Raw Sharer KV,K,6,10,39.0,0.7848773830896241,0.7514128124729001,11.305162483701146
Raw Sharer KV,K,6,10,40.0,0.7699635625584056,0.7514128124729001,11.305162483701146
Raw Sharer KV,K,6,10,41.0,0.7578297702688724,0.7514128124729001,11.305162483701146
Raw Sharer KV,K,6,10,42.0,0.742726033118087,0.7514128124729001,11.305162483701146
Raw Sharer KV,K,6,10,43.0,0.7207380619150355,0.7514128124729001,11.305162483701146
Raw Sharer KV,K,6,10,44.0,0.6980025142221707,0.7514128124729001,11.305162483701146
Raw Sharer KV,K,6,10,45.0,0.7092775925528257,0.7514128124729001,11.305162483701146
Raw Sharer KV,K,6,10,46.0,0.723209404589143,0.7514128124729001,11.305162483701146
Raw Sharer KV,K,6,10,47.0,0.7083080442645592,0.7514128124729001,11.305162483701146
Raw Sharer KV,K,6,10,48.0,0.6795652752974997,0.7514128124729001,11.305162483701146
Raw Sharer KV,K,6,10,49.0,0.6411379334161751,0.7514128124729001,11.305162483701146
Raw Sharer KV,K,6,10,50.0,0.612012219557073,0.7514128124729001,11.305162483701146
Raw Sharer KV,K,6,10,51.0,0.6036915792524816,0.7514128124729001,11.305162483701146
Raw Sharer KV,K,6,10,52.0,0.5739704023767259,0.7514128124729001,11.305162483701146
Raw Sharer KV,K,6,10,53.0,0.5608810891612666,0.7514128124729001,11.305162483701146
Raw Sharer KV,K,6,10,54.0,0.5784100327751366,0.7514128124729001,11.305162483701146
Raw Sharer KV,K,6,10,55.0,0.6078556902735727,0.7514128124729001,11.305162483701146
Raw Sharer KV,K,6,10,56.0,0.6157736004050827,0.7514128124729001,11.305162483701146
Raw Sharer KV,K,6,10,57.0,0.5985771740885685,0.7514128124729001,11.305162483701146
Raw Sharer KV,K,6,10,58.0,0.5783007043926052,0.7514128124729001,11.305162483701146
Raw Sharer KV,K,6,10,59.0,0.5867520232585954,0.7514128124729001,11.305162483701146
Raw Sharer KV,K,6,10,60.0,0.6111210618750187,0.7514128124729001,11.305162483701146
Raw Sharer KV,K,6,10,61.0,0.6070544855814652,0.7514128124729001,11.305162483701146
Raw Sharer KV,K,6,10,62.0,0.5929714834247714,0.7514128124729001,11.305162483701146
Raw Sharer KV,K,6,10,63.0,0.5941595684591445,0.7514128124729001,11.305162483701146
Raw Sharer KV,K,6,10,64.0,0.601204532934352,0.7514128124729001,11.305162483701146
Raw Sharer KV,K,6,10,65.0,0.5925024243624648,0.7514128124729001,11.305162483701146
Raw Sharer KV,K,6,10,66.0,0.5748882415634581,0.7514128124729001,11.305162483701146
Raw Sharer KV,K,6,10,67.0,0.5911598731734556,0.7514128124729001,11.305162483701146
Raw Sharer KV,K,6,10,68.0,0.6609085455117751,0.7514128124729001,11.305162483701146
Raw Sharer KV,K,6,10,69.0,0.705968924935441,0.7514128124729001,11.305162483701146
Raw Sharer KV,K,6,10,70.0,0.6780541845539121,0.7514128124729001,11.305162483701146
Raw Sharer KV,K,6,10,71.0,0.6090114280511625,0.7514128124729001,11.305162483701146
Raw Sharer KV,K,6,10,72.0,0.5474285885854624,0.7514128124729001,11.305162483701146
Raw Sharer KV,K,6,10,73.0,0.5257384864776399,0.7514128124729001,11.305162483701146
Raw Sharer KV,K,6,10,74.0,0.5033281635091404,0.7514128124729001,11.305162483701146
Raw Sharer KV,K,6,10,75.0,0.47951320762513205,0.7514128124729001,11.305162483701146
Raw Sharer KV,K,6,10,76.0,0.48799619243829506,0.7514128124729001,11.305162483701146
Raw Sharer KV,K,6,10,77.0,0.5536497272102866,0.7514128124729001,11.305162483701146
Raw Sharer KV,K,6,10,78.0,0.6170537815766878,0.7514128124729001,11.305162483701146
Raw Sharer KV,K,6,10,79.0,0.6396812571235938,0.7514128124729001,11.305162483701146
Raw Sharer KV,K,6,10,80.0,0.592892226803815,0.7514128124729001,11.305162483701146
Raw Sharer KV,K,6,10,81.0,0.5119036786918876,0.7514128124729001,11.305162483701146
Raw Sharer KV,K,6,10,82.0,0.46712963547848596,0.7514128124729001,11.305162483701146
Raw Sharer KV,K,6,10,83.0,0.4911141463398241,0.7514128124729001,11.305162483701146
Raw Sharer KV,K,6,10,84.0,0.5263401850161613,0.7514128124729001,11.305162483701146
Raw Sharer KV,K,6,10,85.0,0.5342224531676041,0.7514128124729001,11.305162483701146
Raw Sharer KV,K,6,10,86.0,0.5282428262237224,0.7514128124729001,11.305162483701146
Raw Sharer KV,K,6,10,87.0,0.523694629961392,0.7514128124729001,11.305162483701146
Raw Sharer KV,K,6,10,88.0,0.5290196495328567,0.7514128124729001,11.305162483701146
Raw Sharer KV,K,6,10,89.0,0.5319775891114846,0.7514128124729001,11.305162483701146
Raw Sharer KV,K,6,10,90.0,0.5245436841883926,0.7514128124729001,11.305162483701146
Raw Sharer KV,K,6,10,91.0,0.5102274358726572,0.7514128124729001,11.305162483701146
Raw Sharer KV,K,6,10,92.0,0.4894035691511815,0.7514128124729001,11.305162483701146
Raw Sharer KV,K,6,10,93.0,0.49388289261085394,0.7514128124729001,11.305162483701146
Raw Sharer KV,K,6,10,94.0,0.5023181028914407,0.7514128124729001,11.305162483701146
Raw Sharer KV,K,6,10,95.0,0.4865386388555634,0.7514128124729001,11.305162483701146
Raw Sharer KV,K,6,10,96.0,0.4745548353285995,0.7514128124729001,11.305162483701146
Raw Sharer KV,K,6,10,97.0,0.48129364857915774,0.7514128124729001,11.305162483701146
Raw Sharer KV,K,6,10,98.0,0.4902829391614062,0.7514128124729001,11.305162483701146
Raw Sharer KV,K,6,10,99.0,0.48990857639058943,0.7514128124729001,11.305162483701146
Raw Sharer KV,K,6,10,100.0,0.4853044192714151,0.7514128124729001,11.305162483701146
Raw Sharer KV,K,12,16,0.0,225.67640589177608,0.8186281926683522,8.011337183561112
Raw Sharer KV,K,12,16,1.0,54.62054153081957,0.8186281926683522,8.011337183561112
Raw Sharer KV,K,12,16,2.0,15.62476385426706,0.8186281926683522,8.011337183561112
Raw Sharer KV,K,12,16,3.0,8.133154705478805,0.8186281926683522,8.011337183561112
Raw Sharer KV,K,12,16,4.0,5.8473669057153135,0.8186281926683522,8.011337183561112
Raw Sharer KV,K,12,16,5.0,5.496727437514349,0.8186281926683522,8.011337183561112
Raw Sharer KV,K,12,16,6.0,5.304064199021085,0.8186281926683522,8.011337183561112
Raw Sharer KV,K,12,16,7.0,4.253777248263363,0.8186281926683522,8.011337183561112
Raw Sharer KV,K,12,16,8.0,4.494937131106848,0.8186281926683522,8.011337183561112
Raw Sharer KV,K,12,16,9.0,4.9636639806092715,0.8186281926683522,8.011337183561112
Raw Sharer KV,K,12,16,10.0,3.540154423087368,0.8186281926683522,8.011337183561112
Raw Sharer KV,K,12,16,11.0,2.551087029910416,0.8186281926683522,8.011337183561112
Raw Sharer KV,K,12,16,12.0,2.1226955199288198,0.8186281926683522,8.011337183561112
Raw Sharer KV,K,12,16,13.0,2.4103907506400715,0.8186281926683522,8.011337183561112
Raw Sharer KV,K,12,16,14.0,2.38458489574259,0.8186281926683522,8.011337183561112
Raw Sharer KV,K,12,16,15.0,1.7190915396786302,0.8186281926683522,8.011337183561112
Raw Sharer KV,K,12,16,16.0,1.2376470277877523,0.8186281926683522,8.011337183561112
Raw Sharer KV,K,12,16,17.0,1.0827627628808851,0.8186281926683522,8.011337183561112
Raw Sharer KV,K,12,16,18.0,1.260334926499053,0.8186281926683522,8.011337183561112
Raw Sharer KV,K,12,16,19.0,1.6732431706157525,0.8186281926683522,8.011337183561112
Raw Sharer KV,K,12,16,20.0,2.3762915716972213,0.8186281926683522,8.011337183561112
Raw Sharer KV,K,12,16,21.0,3.041833561839307,0.8186281926683522,8.011337183561112
Raw Sharer KV,K,12,16,22.0,2.238078743398657,0.8186281926683522,8.011337183561112
Raw Sharer KV,K,12,16,23.0,1.5848409750347483,0.8186281926683522,8.011337183561112
Raw Sharer KV,K,12,16,24.0,1.1783279782813048,0.8186281926683522,8.011337183561112
Raw Sharer KV,K,12,16,25.0,1.001377142223646,0.8186281926683522,8.011337183561112
Raw Sharer KV,K,12,16,26.0,0.9587303034169591,0.8186281926683522,8.011337183561112
Raw Sharer KV,K,12,16,27.0,0.9490805117430857,0.8186281926683522,8.011337183561112
Raw Sharer KV,K,12,16,28.0,0.9267902700440024,0.8186281926683522,8.011337183561112
Raw Sharer KV,K,12,16,29.0,0.9635245897888668,0.8186281926683522,8.011337183561112
Raw Sharer KV,K,12,16,30.0,1.212664800486528,0.8186281926683522,8.011337183561112
Raw Sharer KV,K,12,16,31.0,1.9820977911807134,0.8186281926683522,8.011337183561112
Raw Sharer KV,K,12,16,32.0,3.4439556863717766,0.8186281926683522,8.011337183561112
Raw Sharer KV,K,12,16,33.0,2.466066813819922,0.8186281926683522,8.011337183561112
Raw Sharer KV,K,12,16,34.0,1.553834206026512,0.8186281926683522,8.011337183561112
Raw Sharer KV,K,12,16,35.0,1.0978523287776614,0.8186281926683522,8.011337183561112
Raw Sharer KV,K,12,16,36.0,0.909575110049918,0.8186281926683522,8.011337183561112
Raw Sharer KV,K,12,16,37.0,0.8246146240341484,0.8186281926683522,8.011337183561112
Raw Sharer KV,K,12,16,38.0,0.7727170982805541,0.8186281926683522,8.011337183561112
Raw Sharer KV,K,12,16,39.0,0.7644134721194855,0.8186281926683522,8.011337183561112
Raw Sharer KV,K,12,16,40.0,0.7776415320229713,0.8186281926683522,8.011337183561112
Raw Sharer KV,K,12,16,41.0,0.7409289047843773,0.8186281926683522,8.011337183561112
Raw Sharer KV,K,12,16,42.0,0.6800454107497355,0.8186281926683522,8.011337183561112
Raw Sharer KV,K,12,16,43.0,0.6498263019014848,0.8186281926683522,8.011337183561112
Raw Sharer KV,K,12,16,44.0,0.6496272019739265,0.8186281926683522,8.011337183561112
Raw Sharer KV,K,12,16,45.0,0.6716726895712783,0.8186281926683522,8.011337183561112
Raw Sharer KV,K,12,16,46.0,0.6493059319583702,0.8186281926683522,8.011337183561112
Raw Sharer KV,K,12,16,47.0,0.6030417991592547,0.8186281926683522,8.011337183561112
Raw Sharer KV,K,12,16,48.0,0.5633881615614521,0.8186281926683522,8.011337183561112
Raw Sharer KV,K,12,16,49.0,0.5607041834306437,0.8186281926683522,8.011337183561112
Raw Sharer KV,K,12,16,50.0,0.5809873678954318,0.8186281926683522,8.011337183561112
Raw Sharer KV,K,12,16,51.0,0.5750405683126881,0.8186281926683522,8.011337183561112
Raw Sharer KV,K,12,16,52.0,0.5355877442436753,0.8186281926683522,8.011337183561112
Raw Sharer KV,K,12,16,53.0,0.497397330121312,0.8186281926683522,8.011337183561112
Raw Sharer KV,K,12,16,54.0,0.4821407276188258,0.8186281926683522,8.011337183561112
Raw Sharer KV,K,12,16,55.0,0.473158895336383,0.8186281926683522,8.011337183561112
Raw Sharer KV,K,12,16,56.0,0.4598342639300963,0.8186281926683522,8.011337183561112
Raw Sharer KV,K,12,16,57.0,0.44913401536497993,0.8186281926683522,8.011337183561112
Raw Sharer KV,K,12,16,58.0,0.4489627752389056,0.8186281926683522,8.011337183561112
Raw Sharer KV,K,12,16,59.0,0.450660854199087,0.8186281926683522,8.011337183561112
Raw Sharer KV,K,12,16,60.0,0.44421254360349816,0.8186281926683522,8.011337183561112
Raw Sharer KV,K,12,16,61.0,0.41864897418854485,0.8186281926683522,8.011337183561112
Raw Sharer KV,K,12,16,62.0,0.3993001053197079,0.8186281926683522,8.011337183561112
Raw Sharer KV,K,12,16,63.0,0.3976748956908705,0.8186281926683522,8.011337183561112
Raw Sharer KV,K,12,16,64.0,0.4096009249414784,0.8186281926683522,8.011337183561112
Raw Sharer KV,K,12,16,65.0,0.4212974965776088,0.8186281926683522,8.011337183561112
Raw Sharer KV,K,12,16,66.0,0.4468031445273665,0.8186281926683522,8.011337183561112
Raw Sharer KV,K,12,16,67.0,0.4753090882499242,0.8186281926683522,8.011337183561112
Raw Sharer KV,K,12,16,68.0,0.520819683339214,0.8186281926683522,8.011337183561112
Raw Sharer KV,K,12,16,69.0,0.5213251667842268,0.8186281926683522,8.011337183561112
Raw Sharer KV,K,12,16,70.0,0.4804131949698781,0.8186281926683522,8.011337183561112
Raw Sharer KV,K,12,16,71.0,0.4354560663353183,0.8186281926683522,8.011337183561112
Raw Sharer KV,K,12,16,72.0,0.40946263530873644,0.8186281926683522,8.011337183561112
Raw Sharer KV,K,12,16,73.0,0.40388294100179356,0.8186281926683522,8.011337183561112
Raw Sharer KV,K,12,16,74.0,0.39872506975138106,0.8186281926683522,8.011337183561112
Raw Sharer KV,K,12,16,75.0,0.3812553766692872,0.8186281926683522,8.011337183561112
Raw Sharer KV,K,12,16,76.0,0.39769867111346696,0.8186281926683522,8.011337183561112
Raw Sharer KV,K,12,16,77.0,0.4504067971525368,0.8186281926683522,8.011337183561112
Raw Sharer KV,K,12,16,78.0,0.5000409984233555,0.8186281926683522,8.011337183561112
Raw Sharer KV,K,12,16,79.0,0.5075354087384768,0.8186281926683522,8.011337183561112
Raw Sharer KV,K,12,16,80.0,0.4650501953670757,0.8186281926683522,8.011337183561112
Raw Sharer KV,K,12,16,81.0,0.40735081348946556,0.8186281926683522,8.011337183561112
Raw Sharer KV,K,12,16,82.0,0.37959820992866267,0.8186281926683522,8.011337183561112
Raw Sharer KV,K,12,16,83.0,0.3954749410414665,0.8186281926683522,8.011337183561112
Raw Sharer KV,K,12,16,84.0,0.4123634194070473,0.8186281926683522,8.011337183561112
Raw Sharer KV,K,12,16,85.0,0.41037026484846134,0.8186281926683522,8.011337183561112
Raw Sharer KV,K,12,16,86.0,0.4101251055841568,0.8186281926683522,8.011337183561112
Raw Sharer KV,K,12,16,87.0,0.4283194515056672,0.8186281926683522,8.011337183561112
Raw Sharer KV,K,12,16,88.0,0.45492015821393633,0.8186281926683522,8.011337183561112
Raw Sharer KV,K,12,16,89.0,0.46245437247765947,0.8186281926683522,8.011337183561112
Raw Sharer KV,K,12,16,90.0,0.4448996320366862,0.8186281926683522,8.011337183561112
Raw Sharer KV,K,12,16,91.0,0.3993879016896245,0.8186281926683522,8.011337183561112
Raw Sharer KV,K,12,16,92.0,0.3623738782841248,0.8186281926683522,8.011337183561112
Raw Sharer KV,K,12,16,93.0,0.3450147417496192,0.8186281926683522,8.011337183561112
Raw Sharer KV,K,12,16,94.0,0.3367910311988085,0.8186281926683522,8.011337183561112
Raw Sharer KV,K,12,16,95.0,0.3171715380565728,0.8186281926683522,8.011337183561112
Raw Sharer KV,K,12,16,96.0,0.2955917754594701,0.8186281926683522,8.011337183561112
Raw Sharer KV,K,12,16,97.0,0.2877143394298034,0.8186281926683522,8.011337183561112
Raw Sharer KV,K,12,16,98.0,0.2842664083925772,0.8186281926683522,8.011337183561112
Raw Sharer KV,K,12,16,99.0,0.2828202048537786,0.8186281926683522,8.011337183561112
Raw Sharer KV,K,12,16,100.0,0.2864875018130988,0.8186281926683522,8.011337183561112
Raw Sharer KV,K,18,22,0.0,169.48826153576374,0.7371847350123926,11.79563014161206
Raw Sharer KV,K,18,22,1.0,43.89881918407047,0.7371847350123926,11.79563014161206
Raw Sharer KV,K,18,22,2.0,15.265200728634372,0.7371847350123926,11.79563014161206
Raw Sharer KV,K,18,22,3.0,9.210801333980637,0.7371847350123926,11.79563014161206
Raw Sharer KV,K,18,22,4.0,7.634830062482504,0.7371847350123926,11.79563014161206
Raw Sharer KV,K,18,22,5.0,6.567659048794301,0.7371847350123926,11.79563014161206
Raw Sharer KV,K,18,22,6.0,5.916608008937909,0.7371847350123926,11.79563014161206
Raw Sharer KV,K,18,22,7.0,5.009776724756231,0.7371847350123926,11.79563014161206
Raw Sharer KV,K,18,22,8.0,5.409340037768704,0.7371847350123926,11.79563014161206
Raw Sharer KV,K,18,22,9.0,5.992735866289585,0.7371847350123926,11.79563014161206
Raw Sharer KV,K,18,22,10.0,4.31842061306815,0.7371847350123926,11.79563014161206
Raw Sharer KV,K,18,22,11.0,3.2268043063464553,0.7371847350123926,11.79563014161206
Raw Sharer KV,K,18,22,12.0,2.6979189223470157,0.7371847350123926,11.79563014161206
Raw Sharer KV,K,18,22,13.0,2.896520929043184,0.7371847350123926,11.79563014161206
Raw Sharer KV,K,18,22,14.0,2.701533826249649,0.7371847350123926,11.79563014161206
Raw Sharer KV,K,18,22,15.0,2.017392430681503,0.7371847350123926,11.79563014161206
Raw Sharer KV,K,18,22,16.0,1.613334433129057,0.7371847350123926,11.79563014161206
Raw Sharer KV,K,18,22,17.0,1.5381661766977066,0.7371847350123926,11.79563014161206
Raw Sharer KV,K,18,22,18.0,1.7034671541769055,0.7371847350123926,11.79563014161206
Raw Sharer KV,K,18,22,19.0,2.0564249382982966,0.7371847350123926,11.79563014161206
Raw Sharer KV,K,18,22,20.0,2.8657791391946392,0.7371847350123926,11.79563014161206
Raw Sharer KV,K,18,22,21.0,3.9555926941451625,0.7371847350123926,11.79563014161206
Raw Sharer KV,K,18,22,22.0,3.080233203608081,0.7371847350123926,11.79563014161206
Raw Sharer KV,K,18,22,23.0,2.383149469076888,0.7371847350123926,11.79563014161206
Raw Sharer KV,K,18,22,24.0,1.872960857572033,0.7371847350123926,11.79563014161206
Raw Sharer KV,K,18,22,25.0,1.5403269138769247,0.7371847350123926,11.79563014161206
Raw Sharer KV,K,18,22,26.0,1.3589273277064786,0.7371847350123926,11.79563014161206
Raw Sharer KV,K,18,22,27.0,1.2973771699250214,0.7371847350123926,11.79563014161206
Raw Sharer KV,K,18,22,28.0,1.2758517185831437,0.7371847350123926,11.79563014161206
Raw Sharer KV,K,18,22,29.0,1.2816633738123353,0.7371847350123926,11.79563014161206
Raw Sharer KV,K,18,22,30.0,1.4467382160713909,0.7371847350123926,11.79563014161206
Raw Sharer KV,K,18,22,31.0,2.1519381876697286,0.7371847350123926,11.79563014161206
Raw Sharer KV,K,18,22,32.0,3.727943828441202,0.7371847350123926,11.79563014161206
Raw Sharer KV,K,18,22,33.0,2.7217852108483167,0.7371847350123926,11.79563014161206
Raw Sharer KV,K,18,22,34.0,1.8442624721536407,0.7371847350123926,11.79563014161206
Raw Sharer KV,K,18,22,35.0,1.456786962196928,0.7371847350123926,11.79563014161206
Raw Sharer KV,K,18,22,36.0,1.3591285741794854,0.7371847350123926,11.79563014161206
Raw Sharer KV,K,18,22,37.0,1.3319492484175142,0.7371847350123926,11.79563014161206
Raw Sharer KV,K,18,22,38.0,1.2017455742135636,0.7371847350123926,11.79563014161206
Raw Sharer KV,K,18,22,39.0,1.07223860330996,0.7371847350123926,11.79563014161206
Raw Sharer KV,K,18,22,40.0,0.9870713246171359,0.7371847350123926,11.79563014161206
Raw Sharer KV,K,18,22,41.0,0.9287158235296379,0.7371847350123926,11.79563014161206
Raw Sharer KV,K,18,22,42.0,0.8609074203099595,0.7371847350123926,11.79563014161206
Raw Sharer KV,K,18,22,43.0,0.8271965215739331,0.7371847350123926,11.79563014161206
Raw Sharer KV,K,18,22,44.0,0.7994548901007509,0.7371847350123926,11.79563014161206
Raw Sharer KV,K,18,22,45.0,0.800170879397775,0.7371847350123926,11.79563014161206
Raw Sharer KV,K,18,22,46.0,0.8025913323624987,0.7371847350123926,11.79563014161206
Raw Sharer KV,K,18,22,47.0,0.7917722978681555,0.7371847350123926,11.79563014161206
Raw Sharer KV,K,18,22,48.0,0.7788019860582422,0.7371847350123926,11.79563014161206
Raw Sharer KV,K,18,22,49.0,0.7647136322752338,0.7371847350123926,11.79563014161206
Raw Sharer KV,K,18,22,50.0,0.7428465129050892,0.7371847350123926,11.79563014161206
Raw Sharer KV,K,18,22,51.0,0.7453128269070297,0.7371847350123926,11.79563014161206
Raw Sharer KV,K,18,22,52.0,0.7427783916564664,0.7371847350123926,11.79563014161206
Raw Sharer KV,K,18,22,53.0,0.7490420553582958,0.7371847350123926,11.79563014161206
Raw Sharer KV,K,18,22,54.0,0.7428683501901113,0.7371847350123926,11.79563014161206
Raw Sharer KV,K,18,22,55.0,0.7164213290583569,0.7371847350123926,11.79563014161206
Raw Sharer KV,K,18,22,56.0,0.6758944933721803,0.7371847350123926,11.79563014161206
Raw Sharer KV,K,18,22,57.0,0.6454027655959367,0.7371847350123926,11.79563014161206
Raw Sharer KV,K,18,22,58.0,0.6325947460392491,0.7371847350123926,11.79563014161206
Raw Sharer KV,K,18,22,59.0,0.632978545988444,0.7371847350123926,11.79563014161206
Raw Sharer KV,K,18,22,60.0,0.6383377282647417,0.7371847350123926,11.79563014161206
Raw Sharer KV,K,18,22,61.0,0.6221396469080352,0.7371847350123926,11.79563014161206
Raw Sharer KV,K,18,22,62.0,0.5982615772739517,0.7371847350123926,11.79563014161206
Raw Sharer KV,K,18,22,63.0,0.5711257497238696,0.7371847350123926,11.79563014161206
Raw Sharer KV,K,18,22,64.0,0.5578808266762637,0.7371847350123926,11.79563014161206
Raw Sharer KV,K,18,22,65.0,0.5583622741803994,0.7371847350123926,11.79563014161206
Raw Sharer KV,K,18,22,66.0,0.5651334281382148,0.7371847350123926,11.79563014161206
Raw Sharer KV,K,18,22,67.0,0.5719240479997821,0.7371847350123926,11.79563014161206
Raw Sharer KV,K,18,22,68.0,0.6028507032082424,0.7371847350123926,11.79563014161206
Raw Sharer KV,K,18,22,69.0,0.6291901499923541,0.7371847350123926,11.79563014161206
Raw Sharer KV,K,18,22,70.0,0.6594438631786029,0.7371847350123926,11.79563014161206
Raw Sharer KV,K,18,22,71.0,0.7042771509819432,0.7371847350123926,11.79563014161206
Raw Sharer KV,K,18,22,72.0,0.7313873861660241,0.7371847350123926,11.79563014161206
Raw Sharer KV,K,18,22,73.0,0.7395597716275369,0.7371847350123926,11.79563014161206
Raw Sharer KV,K,18,22,74.0,0.6884152004658246,0.7371847350123926,11.79563014161206
Raw Sharer KV,K,18,22,75.0,0.5921939936379204,0.7371847350123926,11.79563014161206
Raw Sharer KV,K,18,22,76.0,0.5740359647641895,0.7371847350123926,11.79563014161206
Raw Sharer KV,K,18,22,77.0,0.6334187920752451,0.7371847350123926,11.79563014161206
Raw Sharer KV,K,18,22,78.0,0.6935299902653786,0.7371847350123926,11.79563014161206
Raw Sharer KV,K,18,22,79.0,0.71897459117521,0.7371847350123926,11.79563014161206
Raw Sharer KV,K,18,22,80.0,0.6786696038674563,0.7371847350123926,11.79563014161206
Raw Sharer KV,K,18,22,81.0,0.6139520661503776,0.7371847350123926,11.79563014161206
Raw Sharer KV,K,18,22,82.0,0.5720004370505917,0.7371847350123926,11.79563014161206
Raw Sharer KV,K,18,22,83.0,0.5709059989644447,0.7371847350123926,11.79563014161206
Raw Sharer KV,K,18,22,84.0,0.5647339766460943,0.7371847350123926,11.79563014161206
Raw Sharer KV,K,18,22,85.0,0.5567837724229324,0.7371847350123926,11.79563014161206
Raw Sharer KV,K,18,22,86.0,0.5743097873439543,0.7371847350123926,11.79563014161206
Raw Sharer KV,K,18,22,87.0,0.5910290223394987,0.7371847350123926,11.79563014161206
Raw Sharer KV,K,18,22,88.0,0.5877804590458988,0.7371847350123926,11.79563014161206
Raw Sharer KV,K,18,22,89.0,0.5712000691334832,0.7371847350123926,11.79563014161206
Raw Sharer KV,K,18,22,90.0,0.5367868595523761,0.7371847350123926,11.79563014161206
Raw Sharer KV,K,18,22,91.0,0.5394383149902571,0.7371847350123926,11.79563014161206
Raw Sharer KV,K,18,22,92.0,0.5458281606622042,0.7371847350123926,11.79563014161206
Raw Sharer KV,K,18,22,93.0,0.5624939670210006,0.7371847350123926,11.79563014161206
Raw Sharer KV,K,18,22,94.0,0.5543699167110022,0.7371847350123926,11.79563014161206
Raw Sharer KV,K,18,22,95.0,0.5108955757445072,0.7371847350123926,11.79563014161206
Raw Sharer KV,K,18,22,96.0,0.4875804366264491,0.7371847350123926,11.79563014161206
Raw Sharer KV,K,18,22,97.0,0.5043238593891146,0.7371847350123926,11.79563014161206
Raw Sharer KV,K,18,22,98.0,0.5201438946474808,0.7371847350123926,11.79563014161206
Raw Sharer KV,K,18,22,99.0,0.5188872096268462,0.7371847350123926,11.79563014161206
Raw Sharer KV,K,18,22,100.0,0.5063228476501536,0.7371847350123926,11.79563014161206
Raw Sharer KV,K,23,27,0.0,282.49153903126717,0.8069867033420592,9.660079136431147
Raw Sharer KV,K,23,27,1.0,56.740573490932555,0.8069867033420592,9.660079136431147
Raw Sharer KV,K,23,27,2.0,10.432600789181881,0.8069867033420592,9.660079136431147
Raw Sharer KV,K,23,27,3.0,4.7333236790541555,0.8069867033420592,9.660079136431147
Raw Sharer KV,K,23,27,4.0,3.6126427933759975,0.8069867033420592,9.660079136431147
Raw Sharer KV,K,23,27,5.0,4.018025500327349,0.8069867033420592,9.660079136431147
Raw Sharer KV,K,23,27,6.0,3.968920504339038,0.8069867033420592,9.660079136431147
Raw Sharer KV,K,23,27,7.0,3.1175876182166395,0.8069867033420592,9.660079136431147
Raw Sharer KV,K,23,27,8.0,2.7153200688771926,0.8069867033420592,9.660079136431147
Raw Sharer KV,K,23,27,9.0,2.6791852598078547,0.8069867033420592,9.660079136431147
Raw Sharer KV,K,23,27,10.0,2.4771630853181685,0.8069867033420592,9.660079136431147
Raw Sharer KV,K,23,27,11.0,2.1619314719294205,0.8069867033420592,9.660079136431147
Raw Sharer KV,K,23,27,12.0,1.8349036803981291,0.8069867033420592,9.660079136431147
Raw Sharer KV,K,23,27,13.0,1.9573682861099955,0.8069867033420592,9.660079136431147
Raw Sharer KV,K,23,27,14.0,1.8457018950604838,0.8069867033420592,9.660079136431147
Raw Sharer KV,K,23,27,15.0,1.425730283872689,0.8069867033420592,9.660079136431147
Raw Sharer KV,K,23,27,16.0,1.1633210717537446,0.8069867033420592,9.660079136431147
Raw Sharer KV,K,23,27,17.0,1.0746379840484586,0.8069867033420592,9.660079136431147
Raw Sharer KV,K,23,27,18.0,1.1516481823602231,0.8069867033420592,9.660079136431147
Raw Sharer KV,K,23,27,19.0,1.3246323728660345,0.8069867033420592,9.660079136431147
Raw Sharer KV,K,23,27,20.0,1.5403319074772295,0.8069867033420592,9.660079136431147
Raw Sharer KV,K,23,27,21.0,1.6716049997205844,0.8069867033420592,9.660079136431147
Raw Sharer KV,K,23,27,22.0,1.5102780370844988,0.8069867033420592,9.660079136431147
Raw Sharer KV,K,23,27,23.0,1.4087875517178348,0.8069867033420592,9.660079136431147
Raw Sharer KV,K,23,27,24.0,1.3328057543607428,0.8069867033420592,9.660079136431147
Raw Sharer KV,K,23,27,25.0,1.3625345191394445,0.8069867033420592,9.660079136431147
Raw Sharer KV,K,23,27,26.0,1.3985076268902044,0.8069867033420592,9.660079136431147
Raw Sharer KV,K,23,27,27.0,1.3869028388080167,0.8069867033420592,9.660079136431147
Raw Sharer KV,K,23,27,28.0,1.348972900542432,0.8069867033420592,9.660079136431147
Raw Sharer KV,K,23,27,29.0,1.368816914411729,0.8069867033420592,9.660079136431147
Raw Sharer KV,K,23,27,30.0,1.4843985816638445,0.8069867033420592,9.660079136431147
Raw Sharer KV,K,23,27,31.0,1.8240470084117273,0.8069867033420592,9.660079136431147
Raw Sharer KV,K,23,27,32.0,2.3586123551987113,0.8069867033420592,9.660079136431147
Raw Sharer KV,K,23,27,33.0,1.6725351875770111,0.8069867033420592,9.660079136431147
Raw Sharer KV,K,23,27,34.0,1.180682771992869,0.8069867033420592,9.660079136431147
Raw Sharer KV,K,23,27,35.0,1.1202970973798079,0.8069867033420592,9.660079136431147
Raw Sharer KV,K,23,27,36.0,1.3015264993114393,0.8069867033420592,9.660079136431147
Raw Sharer KV,K,23,27,37.0,1.4103484957490584,0.8069867033420592,9.660079136431147
Raw Sharer KV,K,23,27,38.0,1.2567136900057083,0.8069867033420592,9.660079136431147
Raw Sharer KV,K,23,27,39.0,1.1025088051479544,0.8069867033420592,9.660079136431147
Raw Sharer KV,K,23,27,40.0,1.0646153167588637,0.8069867033420592,9.660079136431147
Raw Sharer KV,K,23,27,41.0,1.0950563097180563,0.8069867033420592,9.660079136431147
Raw Sharer KV,K,23,27,42.0,1.0581279926397835,0.8069867033420592,9.660079136431147
Raw Sharer KV,K,23,27,43.0,0.9622555241116781,0.8069867033420592,9.660079136431147
Raw Sharer KV,K,23,27,44.0,0.9005255188350553,0.8069867033420592,9.660079136431147
Raw Sharer KV,K,23,27,45.0,0.968266264750855,0.8069867033420592,9.660079136431147
Raw Sharer KV,K,23,27,46.0,1.0360690241435082,0.8069867033420592,9.660079136431147
Raw Sharer KV,K,23,27,47.0,0.9728201615839503,0.8069867033420592,9.660079136431147
Raw Sharer KV,K,23,27,48.0,0.8741383545077408,0.8069867033420592,9.660079136431147
Raw Sharer KV,K,23,27,49.0,0.8497753157268745,0.8069867033420592,9.660079136431147
Raw Sharer KV,K,23,27,50.0,0.9277025846531615,0.8069867033420592,9.660079136431147
Raw Sharer KV,K,23,27,51.0,1.0140486574318492,0.8069867033420592,9.660079136431147
Raw Sharer KV,K,23,27,52.0,0.955610326486639,0.8069867033420592,9.660079136431147
Raw Sharer KV,K,23,27,53.0,0.7972881651431076,0.8069867033420592,9.660079136431147
Raw Sharer KV,K,23,27,54.0,0.6525394380092613,0.8069867033420592,9.660079136431147
Raw Sharer KV,K,23,27,55.0,0.5988100172544367,0.8069867033420592,9.660079136431147
Raw Sharer KV,K,23,27,56.0,0.6130088131956292,0.8069867033420592,9.660079136431147
Raw Sharer KV,K,23,27,57.0,0.6152158245007741,0.8069867033420592,9.660079136431147
Raw Sharer KV,K,23,27,58.0,0.6034086126653713,0.8069867033420592,9.660079136431147
Raw Sharer KV,K,23,27,59.0,0.6025467414880407,0.8069867033420592,9.660079136431147
Raw Sharer KV,K,23,27,60.0,0.6083067173720336,0.8069867033420592,9.660079136431147
Raw Sharer KV,K,23,27,61.0,0.6052087426849174,0.8069867033420592,9.660079136431147
Raw Sharer KV,K,23,27,62.0,0.6148440240533091,0.8069867033420592,9.660079136431147
Raw Sharer KV,K,23,27,63.0,0.6524872623995179,0.8069867033420592,9.660079136431147
Raw Sharer KV,K,23,27,64.0,0.6982610033033414,0.8069867033420592,9.660079136431147
Raw Sharer KV,K,23,27,65.0,0.7065683813649234,0.8069867033420592,9.660079136431147
Raw Sharer KV,K,23,27,66.0,0.6403340316528923,0.8069867033420592,9.660079136431147
Raw Sharer KV,K,23,27,67.0,0.5966871962620647,0.8069867033420592,9.660079136431147
Raw Sharer KV,K,23,27,68.0,0.6320143622392796,0.8069867033420592,9.660079136431147
Raw Sharer KV,K,23,27,69.0,0.6954983225121394,0.8069867033420592,9.660079136431147
Raw Sharer KV,K,23,27,70.0,0.7368651137978303,0.8069867033420592,9.660079136431147
Raw Sharer KV,K,23,27,71.0,0.7611990998173135,0.8069867033420592,9.660079136431147
Raw Sharer KV,K,23,27,72.0,0.8619831796898509,0.8069867033420592,9.660079136431147
Raw Sharer KV,K,23,27,73.0,1.0398116533277786,0.8069867033420592,9.660079136431147
Raw Sharer KV,K,23,27,74.0,1.1155807461938825,0.8069867033420592,9.660079136431147
Raw Sharer KV,K,23,27,75.0,0.9405103023600531,0.8069867033420592,9.660079136431147
Raw Sharer KV,K,23,27,76.0,0.7777044777176347,0.8069867033420592,9.660079136431147
Raw Sharer KV,K,23,27,77.0,0.8024289106135245,0.8069867033420592,9.660079136431147
Raw Sharer KV,K,23,27,78.0,0.9582946102949793,0.8069867033420592,9.660079136431147
Raw Sharer KV,K,23,27,79.0,1.0579798331909112,0.8069867033420592,9.660079136431147
Raw Sharer KV,K,23,27,80.0,0.9966342859901482,0.8069867033420592,9.660079136431147
Raw Sharer KV,K,23,27,81.0,0.8212898888241026,0.8069867033420592,9.660079136431147
Raw Sharer KV,K,23,27,82.0,0.6743703276722218,0.8069867033420592,9.660079136431147
Raw Sharer KV,K,23,27,83.0,0.6457850998535288,0.8069867033420592,9.660079136431147
Raw Sharer KV,K,23,27,84.0,0.6616881370474584,0.8069867033420592,9.660079136431147
Raw Sharer KV,K,23,27,85.0,0.6863616644637666,0.8069867033420592,9.660079136431147
Raw Sharer KV,K,23,27,86.0,0.7744161660165984,0.8069867033420592,9.660079136431147
Raw Sharer KV,K,23,27,87.0,0.8870000725780846,0.8069867033420592,9.660079136431147
Raw Sharer KV,K,23,27,88.0,0.9079693592758855,0.8069867033420592,9.660079136431147
Raw Sharer KV,K,23,27,89.0,0.8253727877876368,0.8069867033420592,9.660079136431147
Raw Sharer KV,K,23,27,90.0,0.7105611372593551,0.8069867033420592,9.660079136431147
Raw Sharer KV,K,23,27,91.0,0.627834237519127,0.8069867033420592,9.660079136431147
Raw Sharer KV,K,23,27,92.0,0.612864180346952,0.8069867033420592,9.660079136431147
Raw Sharer KV,K,23,27,93.0,0.6687762238641158,0.8069867033420592,9.660079136431147
Raw Sharer KV,K,23,27,94.0,0.6945469983608926,0.8069867033420592,9.660079136431147
Raw Sharer KV,K,23,27,95.0,0.6400439726887267,0.8069867033420592,9.660079136431147
Raw Sharer KV,K,23,27,96.0,0.5686477151676078,0.8069867033420592,9.660079136431147
Raw Sharer KV,K,23,27,97.0,0.5248816172618538,0.8069867033420592,9.660079136431147
Raw Sharer KV,K,23,27,98.0,0.5168339539464797,0.8069867033420592,9.660079136431147
Raw Sharer KV,K,23,27,99.0,0.5300349047791676,0.8069867033420592,9.660079136431147
Raw Sharer KV,K,23,27,100.0,0.5454910004045814,0.8069867033420592,9.660079136431147
Raw Sharer KV,V,0,4,0.0,0.010251539817545563,0.22463701798968616,46.50705697722593
Raw Sharer KV,V,0,4,1.0,0.002274264350689633,0.22463701798968616,46.50705697722593
Raw Sharer KV,V,0,4,2.0,0.0009243732204396337,0.22463701798968616,46.50705697722593
Raw Sharer KV,V,0,4,3.0,0.0007280944025683311,0.22463701798968616,46.50705697722593
Raw Sharer KV,V,0,4,4.0,0.0006439031972922748,0.22463701798968616,46.50705697722593
Raw Sharer KV,V,0,4,5.0,0.0006280938288355737,0.22463701798968616,46.50705697722593
Raw Sharer KV,V,0,4,6.0,0.0006103444588154611,0.22463701798968616,46.50705697722593
Raw Sharer KV,V,0,4,7.0,0.0006129592350285404,0.22463701798968616,46.50705697722593
Raw Sharer KV,V,0,4,8.0,0.0006877479444051463,0.22463701798968616,46.50705697722593
Raw Sharer KV,V,0,4,9.0,0.0007541172494055096,0.22463701798968616,46.50705697722593
Raw Sharer KV,V,0,4,10.0,0.000724569542921927,0.22463701798968616,46.50705697722593
Raw Sharer KV,V,0,4,11.0,0.0006409980493550906,0.22463701798968616,46.50705697722593
Raw Sharer KV,V,0,4,12.0,0.0005288589700762713,0.22463701798968616,46.50705697722593
Raw Sharer KV,V,0,4,13.0,0.00047073240493247695,0.22463701798968616,46.50705697722593
Raw Sharer KV,V,0,4,14.0,0.00045959688299205946,0.22463701798968616,46.50705697722593
Raw Sharer KV,V,0,4,15.0,0.000444068535651354,0.22463701798968616,46.50705697722593
Raw Sharer KV,V,0,4,16.0,0.00044599568483135946,0.22463701798968616,46.50705697722593
Raw Sharer KV,V,0,4,17.0,0.0004902563855199562,0.22463701798968616,46.50705697722593
Raw Sharer KV,V,0,4,18.0,0.0005906387966058444,0.22463701798968616,46.50705697722593
Raw Sharer KV,V,0,4,19.0,0.0006994468436508333,0.22463701798968616,46.50705697722593
Raw Sharer KV,V,0,4,20.0,0.0007676318259655095,0.22463701798968616,46.50705697722593
Raw Sharer KV,V,0,4,21.0,0.0007509437806970709,0.22463701798968616,46.50705697722593
Raw Sharer KV,V,0,4,22.0,0.0006921879835431354,0.22463701798968616,46.50705697722593
Raw Sharer KV,V,0,4,23.0,0.0006297142844448442,0.22463701798968616,46.50705697722593
Raw Sharer KV,V,0,4,24.0,0.0005947688717151328,0.22463701798968616,46.50705697722593
Raw Sharer KV,V,0,4,25.0,0.0005541905656869517,0.22463701798968616,46.50705697722593
Raw Sharer KV,V,0,4,26.0,0.0005201376615946171,0.22463701798968616,46.50705697722593
Raw Sharer KV,V,0,4,27.0,0.0005040106095935927,0.22463701798968616,46.50705697722593
Raw Sharer KV,V,0,4,28.0,0.000519016835646653,0.22463701798968616,46.50705697722593
Raw Sharer KV,V,0,4,29.0,0.0005374009647925959,0.22463701798968616,46.50705697722593
Raw Sharer KV,V,0,4,30.0,0.0005378882808997788,0.22463701798968616,46.50705697722593
Raw Sharer KV,V,0,4,31.0,0.00052194713307216,0.22463701798968616,46.50705697722593
Raw Sharer KV,V,0,4,32.0,0.0005093143328758741,0.22463701798968616,46.50705697722593
Raw Sharer KV,V,0,4,33.0,0.0005145719665645744,0.22463701798968616,46.50705697722593
Raw Sharer KV,V,0,4,34.0,0.0005529800723343217,0.22463701798968616,46.50705697722593
Raw Sharer KV,V,0,4,35.0,0.0006567165491674129,0.22463701798968616,46.50705697722593
Raw Sharer KV,V,0,4,36.0,0.0008358368322524255,0.22463701798968616,46.50705697722593
Raw Sharer KV,V,0,4,37.0,0.0010351046275007998,0.22463701798968616,46.50705697722593
Raw Sharer KV,V,0,4,38.0,0.0010478836355434856,0.22463701798968616,46.50705697722593
Raw Sharer KV,V,0,4,39.0,0.0009695357226746633,0.22463701798968616,46.50705697722593
Raw Sharer KV,V,0,4,40.0,0.0008439734207172476,0.22463701798968616,46.50705697722593
Raw Sharer KV,V,0,4,41.0,0.0007116194661696796,0.22463701798968616,46.50705697722593
Raw Sharer KV,V,0,4,42.0,0.0006017130012526191,0.22463701798968616,46.50705697722593
Raw Sharer KV,V,0,4,43.0,0.000555115119660741,0.22463701798968616,46.50705697722593
Raw Sharer KV,V,0,4,44.0,0.0005286660783554002,0.22463701798968616,46.50705697722593
Raw Sharer KV,V,0,4,45.0,0.000556969805424501,0.22463701798968616,46.50705697722593
Raw Sharer KV,V,0,4,46.0,0.0006050438535976358,0.22463701798968616,46.50705697722593
Raw Sharer KV,V,0,4,47.0,0.0005990083540979185,0.22463701798968616,46.50705697722593
Raw Sharer KV,V,0,4,48.0,0.0005683311574387062,0.22463701798968616,46.50705697722593
Raw Sharer KV,V,0,4,49.0,0.000555068269871697,0.22463701798968616,46.50705697722593
Raw Sharer KV,V,0,4,50.0,0.0005464278476381423,0.22463701798968616,46.50705697722593
Raw Sharer KV,V,0,4,51.0,0.0005644132925490901,0.22463701798968616,46.50705697722593
Raw Sharer KV,V,0,4,52.0,0.0005673393030826902,0.22463701798968616,46.50705697722593
Raw Sharer KV,V,0,4,53.0,0.0005810350003918076,0.22463701798968616,46.50705697722593
Raw Sharer KV,V,0,4,54.0,0.0006117278409368516,0.22463701798968616,46.50705697722593
Raw Sharer KV,V,0,4,55.0,0.0006589720328648252,0.22463701798968616,46.50705697722593
Raw Sharer KV,V,0,4,56.0,0.0006929667969222921,0.22463701798968616,46.50705697722593
Raw Sharer KV,V,0,4,57.0,0.0006854920864199701,0.22463701798968616,46.50705697722593
Raw Sharer KV,V,0,4,58.0,0.0007076745648208771,0.22463701798968616,46.50705697722593
Raw Sharer KV,V,0,4,59.0,0.0007072199710765402,0.22463701798968616,46.50705697722593
Raw Sharer KV,V,0,4,60.0,0.0007298352202610661,0.22463701798968616,46.50705697722593
Raw Sharer KV,V,0,4,61.0,0.0007117111678991248,0.22463701798968616,46.50705697722593
Raw Sharer KV,V,0,4,62.0,0.0006870964132804144,0.22463701798968616,46.50705697722593
Raw Sharer KV,V,0,4,63.0,0.0006628576562360423,0.22463701798968616,46.50705697722593
Raw Sharer KV,V,0,4,64.0,0.000673259104308955,0.22463701798968616,46.50705697722593
Raw Sharer KV,V,0,4,65.0,0.00066562898436473,0.22463701798968616,46.50705697722593
Raw Sharer KV,V,0,4,66.0,0.0006526989867853679,0.22463701798968616,46.50705697722593
Raw Sharer KV,V,0,4,67.0,0.0006699718127947558,0.22463701798968616,46.50705697722593
Raw Sharer KV,V,0,4,68.0,0.0007424939834515952,0.22463701798968616,46.50705697722593
Raw Sharer KV,V,0,4,69.0,0.0007483104338965058,0.22463701798968616,46.50705697722593
Raw Sharer KV,V,0,4,70.0,0.0007126028975221733,0.22463701798968616,46.50705697722593
Raw Sharer KV,V,0,4,71.0,0.0007444891342365155,0.22463701798968616,46.50705697722593
Raw Sharer KV,V,0,4,72.0,0.0009028968561369773,0.22463701798968616,46.50705697722593
Raw Sharer KV,V,0,4,73.0,0.0011429080430320944,0.22463701798968616,46.50705697722593
Raw Sharer KV,V,0,4,74.0,0.0011423084336229284,0.22463701798968616,46.50705697722593
Raw Sharer KV,V,0,4,75.0,0.0008595079089701585,0.22463701798968616,46.50705697722593
Raw Sharer KV,V,0,4,76.0,0.0007489381178424988,0.22463701798968616,46.50705697722593
Raw Sharer KV,V,0,4,77.0,0.0010161619695918489,0.22463701798968616,46.50705697722593
Raw Sharer KV,V,0,4,78.0,0.0013602920692903817,0.22463701798968616,46.50705697722593
Raw Sharer KV,V,0,4,79.0,0.0015149198045668292,0.22463701798968616,46.50705697722593
Raw Sharer KV,V,0,4,80.0,0.0013397618251190125,0.22463701798968616,46.50705697722593
Raw Sharer KV,V,0,4,81.0,0.00099102790902009,0.22463701798968616,46.50705697722593
Raw Sharer KV,V,0,4,82.0,0.0007014487123274184,0.22463701798968616,46.50705697722593
Raw Sharer KV,V,0,4,83.0,0.0006220835385408914,0.22463701798968616,46.50705697722593
Raw Sharer KV,V,0,4,84.0,0.0006564135159840126,0.22463701798968616,46.50705697722593
Raw Sharer KV,V,0,4,85.0,0.000714169871484671,0.22463701798968616,46.50705697722593
Raw Sharer KV,V,0,4,86.0,0.000894800039686742,0.22463701798968616,46.50705697722593
Raw Sharer KV,V,0,4,87.0,0.0010509971358490596,0.22463701798968616,46.50705697722593
Raw Sharer KV,V,0,4,88.0,0.0010279295356224348,0.22463701798968616,46.50705697722593
Raw Sharer KV,V,0,4,89.0,0.0008832721314612969,0.22463701798968616,46.50705697722593
Raw Sharer KV,V,0,4,90.0,0.0007592876695071032,0.22463701798968616,46.50705697722593
Raw Sharer KV,V,0,4,91.0,0.000761924103605339,0.22463701798968616,46.50705697722593
Raw Sharer KV,V,0,4,92.0,0.0008425937797244401,0.22463701798968616,46.50705697722593
Raw Sharer KV,V,0,4,93.0,0.0009888636765330715,0.22463701798968616,46.50705697722593
Raw Sharer KV,V,0,4,94.0,0.0009991391807483293,0.22463701798968616,46.50705697722593
Raw Sharer KV,V,0,4,95.0,0.000898073374176533,0.22463701798968616,46.50705697722593
Raw Sharer KV,V,0,4,96.0,0.0007639698384343769,0.22463701798968616,46.50705697722593
Raw Sharer KV,V,0,4,97.0,0.0006716169127955139,0.22463701798968616,46.50705697722593
Raw Sharer KV,V,0,4,98.0,0.0006227792765957928,0.22463701798968616,46.50705697722593
Raw Sharer KV,V,0,4,99.0,0.0006341281549484276,0.22463701798968616,46.50705697722593
Raw Sharer KV,V,0,4,100.0,0.0006443381751353172,0.22463701798968616,46.50705697722593
Raw Sharer KV,V,6,10,0.0,3.9034497670363635,0.4322596631930762,28.60770302707802
Raw Sharer KV,V,6,10,1.0,1.5274635366024443,0.4322596631930762,28.60770302707802
Raw Sharer KV,V,6,10,2.0,1.0729979135229957,0.4322596631930762,28.60770302707802
Raw Sharer KV,V,6,10,3.0,0.6962043029353663,0.4322596631930762,28.60770302707802
Raw Sharer KV,V,6,10,4.0,0.4764225114724831,0.4322596631930762,28.60770302707802
Raw Sharer KV,V,6,10,5.0,0.4928407763953147,0.4322596631930762,28.60770302707802
Raw Sharer KV,V,6,10,6.0,0.5241718252352436,0.4322596631930762,28.60770302707802
Raw Sharer KV,V,6,10,7.0,0.5013000311717045,0.4322596631930762,28.60770302707802
Raw Sharer KV,V,6,10,8.0,0.4656463847996198,0.4322596631930762,28.60770302707802
Raw Sharer KV,V,6,10,9.0,0.44135979705475586,0.4322596631930762,28.60770302707802
Raw Sharer KV,V,6,10,10.0,0.4056088941099008,0.4322596631930762,28.60770302707802
Raw Sharer KV,V,6,10,11.0,0.355653826744965,0.4322596631930762,28.60770302707802
Raw Sharer KV,V,6,10,12.0,0.2947755811520618,0.4322596631930762,28.60770302707802
Raw Sharer KV,V,6,10,13.0,0.26034177955429205,0.4322596631930762,28.60770302707802
Raw Sharer KV,V,6,10,14.0,0.2513858118071223,0.4322596631930762,28.60770302707802
Raw Sharer KV,V,6,10,15.0,0.2449459573581407,0.4322596631930762,28.60770302707802
Raw Sharer KV,V,6,10,16.0,0.24327622384240388,0.4322596631930762,28.60770302707802
Raw Sharer KV,V,6,10,17.0,0.24713357967906646,0.4322596631930762,28.60770302707802
Raw Sharer KV,V,6,10,18.0,0.2508157953183399,0.4322596631930762,28.60770302707802
Raw Sharer KV,V,6,10,19.0,0.24959470107511134,0.4322596631930762,28.60770302707802
Raw Sharer KV,V,6,10,20.0,0.23019585658039457,0.4322596631930762,28.60770302707802
Raw Sharer KV,V,6,10,21.0,0.21266659757209713,0.4322596631930762,28.60770302707802
Raw Sharer KV,V,6,10,22.0,0.2088000652889603,0.4322596631930762,28.60770302707802
Raw Sharer KV,V,6,10,23.0,0.21402647854498363,0.4322596631930762,28.60770302707802
Raw Sharer KV,V,6,10,24.0,0.21302847423998175,0.4322596631930762,28.60770302707802
Raw Sharer KV,V,6,10,25.0,0.21620382223045453,0.4322596631930762,28.60770302707802
Raw Sharer KV,V,6,10,26.0,0.21408906081138399,0.4322596631930762,28.60770302707802
Raw Sharer KV,V,6,10,27.0,0.204937582106795,0.4322596631930762,28.60770302707802
Raw Sharer KV,V,6,10,28.0,0.19481865264300757,0.4322596631930762,28.60770302707802
Raw Sharer KV,V,6,10,29.0,0.18305290833886842,0.4322596631930762,28.60770302707802
Raw Sharer KV,V,6,10,30.0,0.17489534133055706,0.4322596631930762,28.60770302707802
Raw Sharer KV,V,6,10,31.0,0.16968032516582757,0.4322596631930762,28.60770302707802
Raw Sharer KV,V,6,10,32.0,0.16687026184576104,0.4322596631930762,28.60770302707802
Raw Sharer KV,V,6,10,33.0,0.16902000881498663,0.4322596631930762,28.60770302707802
Raw Sharer KV,V,6,10,34.0,0.18032562145788697,0.4322596631930762,28.60770302707802
Raw Sharer KV,V,6,10,35.0,0.1890375463735836,0.4322596631930762,28.60770302707802
Raw Sharer KV,V,6,10,36.0,0.19019408167281665,0.4322596631930762,28.60770302707802
Raw Sharer KV,V,6,10,37.0,0.18321351531878446,0.4322596631930762,28.60770302707802
Raw Sharer KV,V,6,10,38.0,0.1684760991804068,0.4322596631930762,28.60770302707802
Raw Sharer KV,V,6,10,39.0,0.1589459518046351,0.4322596631930762,28.60770302707802
Raw Sharer KV,V,6,10,40.0,0.1592480922816322,0.4322596631930762,28.60770302707802
Raw Sharer KV,V,6,10,41.0,0.15844588344363714,0.4322596631930762,28.60770302707802
Raw Sharer KV,V,6,10,42.0,0.15376441984233685,0.4322596631930762,28.60770302707802
Raw Sharer KV,V,6,10,43.0,0.1471963244357903,0.4322596631930762,28.60770302707802
Raw Sharer KV,V,6,10,44.0,0.14310928399558187,0.4322596631930762,28.60770302707802
Raw Sharer KV,V,6,10,45.0,0.1473952303073021,0.4322596631930762,28.60770302707802
Raw Sharer KV,V,6,10,46.0,0.14990138894572733,0.4322596631930762,28.60770302707802
Raw Sharer KV,V,6,10,47.0,0.14462093852635005,0.4322596631930762,28.60770302707802
Raw Sharer KV,V,6,10,48.0,0.13759984673088213,0.4322596631930762,28.60770302707802
Raw Sharer KV,V,6,10,49.0,0.13062788571565753,0.4322596631930762,28.60770302707802
Raw Sharer KV,V,6,10,50.0,0.12387885544740129,0.4322596631930762,28.60770302707802
Raw Sharer KV,V,6,10,51.0,0.12411041058687249,0.4322596631930762,28.60770302707802
Raw Sharer KV,V,6,10,52.0,0.12201535462052567,0.4322596631930762,28.60770302707802
Raw Sharer KV,V,6,10,53.0,0.12227438374138726,0.4322596631930762,28.60770302707802
Raw Sharer KV,V,6,10,54.0,0.121376030358806,0.4322596631930762,28.60770302707802
Raw Sharer KV,V,6,10,55.0,0.11985012238474159,0.4322596631930762,28.60770302707802
Raw Sharer KV,V,6,10,56.0,0.12054317187838035,0.4322596631930762,28.60770302707802
Raw Sharer KV,V,6,10,57.0,0.12232221054044212,0.4322596631930762,28.60770302707802
Raw Sharer KV,V,6,10,58.0,0.12310607375547986,0.4322596631930762,28.60770302707802
Raw Sharer KV,V,6,10,59.0,0.12195504070681636,0.4322596631930762,28.60770302707802
Raw Sharer KV,V,6,10,60.0,0.12171010617021254,0.4322596631930762,28.60770302707802
Raw Sharer KV,V,6,10,61.0,0.12029652277444268,0.4322596631930762,28.60770302707802
Raw Sharer KV,V,6,10,62.0,0.12033162249703316,0.4322596631930762,28.60770302707802
Raw Sharer KV,V,6,10,63.0,0.12133446720166825,0.4322596631930762,28.60770302707802
Raw Sharer KV,V,6,10,64.0,0.1197142459164024,0.4322596631930762,28.60770302707802
Raw Sharer KV,V,6,10,65.0,0.11580695256016037,0.4322596631930762,28.60770302707802
Raw Sharer KV,V,6,10,66.0,0.11139415086974616,0.4322596631930762,28.60770302707802
Raw Sharer KV,V,6,10,67.0,0.11204585729719843,0.4322596631930762,28.60770302707802
Raw Sharer KV,V,6,10,68.0,0.12096412343729764,0.4322596631930762,28.60770302707802
Raw Sharer KV,V,6,10,69.0,0.12384295230651332,0.4322596631930762,28.60770302707802
Raw Sharer KV,V,6,10,70.0,0.11939461958972959,0.4322596631930762,28.60770302707802
Raw Sharer KV,V,6,10,71.0,0.11284566182061095,0.4322596631930762,28.60770302707802
Raw Sharer KV,V,6,10,72.0,0.10960262921056706,0.4322596631930762,28.60770302707802
Raw Sharer KV,V,6,10,73.0,0.11696523781021832,0.4322596631930762,28.60770302707802
Raw Sharer KV,V,6,10,74.0,0.12372929111705155,0.4322596631930762,28.60770302707802
Raw Sharer KV,V,6,10,75.0,0.1218513900294056,0.4322596631930762,28.60770302707802
Raw Sharer KV,V,6,10,76.0,0.11985370672337015,0.4322596631930762,28.60770302707802
Raw Sharer KV,V,6,10,77.0,0.12714479106674856,0.4322596631930762,28.60770302707802
Raw Sharer KV,V,6,10,78.0,0.1373681380905329,0.4322596631930762,28.60770302707802
Raw Sharer KV,V,6,10,79.0,0.1436228595889406,0.4322596631930762,28.60770302707802
Raw Sharer KV,V,6,10,80.0,0.13825895594491142,0.4322596631930762,28.60770302707802
Raw Sharer KV,V,6,10,81.0,0.121784085228428,0.4322596631930762,28.60770302707802
Raw Sharer KV,V,6,10,82.0,0.10932349749011337,0.4322596631930762,28.60770302707802
Raw Sharer KV,V,6,10,83.0,0.11021988669461281,0.4322596631930762,28.60770302707802
Raw Sharer KV,V,6,10,84.0,0.11607072128739673,0.4322596631930762,28.60770302707802
Raw Sharer KV,V,6,10,85.0,0.11620507335064759,0.4322596631930762,28.60770302707802
Raw Sharer KV,V,6,10,86.0,0.11645805900319822,0.4322596631930762,28.60770302707802
Raw Sharer KV,V,6,10,87.0,0.12108646756110823,0.4322596631930762,28.60770302707802
Raw Sharer KV,V,6,10,88.0,0.128977817448904,0.4322596631930762,28.60770302707802
Raw Sharer KV,V,6,10,89.0,0.1322999950590747,0.4322596631930762,28.60770302707802
Raw Sharer KV,V,6,10,90.0,0.12819553075751172,0.4322596631930762,28.60770302707802
Raw Sharer KV,V,6,10,91.0,0.12002131859080692,0.4322596631930762,28.60770302707802
Raw Sharer KV,V,6,10,92.0,0.11232872848515388,0.4322596631930762,28.60770302707802
Raw Sharer KV,V,6,10,93.0,0.11315505123857293,0.4322596631930762,28.60770302707802
Raw Sharer KV,V,6,10,94.0,0.11269150700827603,0.4322596631930762,28.60770302707802
Raw Sharer KV,V,6,10,95.0,0.10694429407121786,0.4322596631930762,28.60770302707802
Raw Sharer KV,V,6,10,96.0,0.1029182813322404,0.4322596631930762,28.60770302707802
Raw Sharer KV,V,6,10,97.0,0.10601849555285295,0.4322596631930762,28.60770302707802
Raw Sharer KV,V,6,10,98.0,0.11035651270969542,0.4322596631930762,28.60770302707802
Raw Sharer KV,V,6,10,99.0,0.11168634488676617,0.4322596631930762,28.60770302707802
Raw Sharer KV,V,6,10,100.0,0.11219821642589523,0.4322596631930762,28.60770302707802
Raw Sharer KV,V,12,16,0.0,3.292085972847417,0.3535714195305496,31.582014509653384
Raw Sharer KV,V,12,16,1.0,2.052314186275472,0.3535714195305496,31.582014509653384
Raw Sharer KV,V,12,16,2.0,1.6790397222083993,0.3535714195305496,31.582014509653384
Raw Sharer KV,V,12,16,3.0,1.1863268407410945,0.3535714195305496,31.582014509653384
Raw Sharer KV,V,12,16,4.0,0.8586221191217195,0.3535714195305496,31.582014509653384
Raw Sharer KV,V,12,16,5.0,0.8257392878324027,0.3535714195305496,31.582014509653384
Raw Sharer KV,V,12,16,6.0,0.8728741610399452,0.3535714195305496,31.582014509653384
Raw Sharer KV,V,12,16,7.0,0.849845608898322,0.3535714195305496,31.582014509653384
Raw Sharer KV,V,12,16,8.0,0.781092692892999,0.3535714195305496,31.582014509653384
Raw Sharer KV,V,12,16,9.0,0.7215415251289959,0.3535714195305496,31.582014509653384
Raw Sharer KV,V,12,16,10.0,0.6808537618606351,0.3535714195305496,31.582014509653384
Raw Sharer KV,V,12,16,11.0,0.6302377873123626,0.3535714195305496,31.582014509653384
Raw Sharer KV,V,12,16,12.0,0.5762852294091135,0.3535714195305496,31.582014509653384
Raw Sharer KV,V,12,16,13.0,0.5440231970133028,0.3535714195305496,31.582014509653384
Raw Sharer KV,V,12,16,14.0,0.5084992268704808,0.3535714195305496,31.582014509653384
Raw Sharer KV,V,12,16,15.0,0.4618950512900482,0.3535714195305496,31.582014509653384
Raw Sharer KV,V,12,16,16.0,0.41890345454798006,0.3535714195305496,31.582014509653384
Raw Sharer KV,V,12,16,17.0,0.4179215103297611,0.3535714195305496,31.582014509653384
Raw Sharer KV,V,12,16,18.0,0.4528057483956216,0.3535714195305496,31.582014509653384
Raw Sharer KV,V,12,16,19.0,0.47873330088856114,0.3535714195305496,31.582014509653384
Raw Sharer KV,V,12,16,20.0,0.47186097044032044,0.3535714195305496,31.582014509653384
Raw Sharer KV,V,12,16,21.0,0.4455720832245426,0.3535714195305496,31.582014509653384
Raw Sharer KV,V,12,16,22.0,0.4236230481084206,0.3535714195305496,31.582014509653384
Raw Sharer KV,V,12,16,23.0,0.40606856959435406,0.3535714195305496,31.582014509653384
Raw Sharer KV,V,12,16,24.0,0.38847856613807386,0.3535714195305496,31.582014509653384
Raw Sharer KV,V,12,16,25.0,0.37816799441498006,0.3535714195305496,31.582014509653384
Raw Sharer KV,V,12,16,26.0,0.37301331357099066,0.3535714195305496,31.582014509653384
Raw Sharer KV,V,12,16,27.0,0.3699971818435005,0.3535714195305496,31.582014509653384
Raw Sharer KV,V,12,16,28.0,0.37049221401917765,0.3535714195305496,31.582014509653384
Raw Sharer KV,V,12,16,29.0,0.3795136610779439,0.3535714195305496,31.582014509653384
Raw Sharer KV,V,12,16,30.0,0.3807048714166744,0.3535714195305496,31.582014509653384
Raw Sharer KV,V,12,16,31.0,0.3715582000502036,0.3535714195305496,31.582014509653384
Raw Sharer KV,V,12,16,32.0,0.34660789343179216,0.3535714195305496,31.582014509653384
Raw Sharer KV,V,12,16,33.0,0.3164956240623727,0.3535714195305496,31.582014509653384
Raw Sharer KV,V,12,16,34.0,0.30604698490060417,0.3535714195305496,31.582014509653384
Raw Sharer KV,V,12,16,35.0,0.30783738042518954,0.3535714195305496,31.582014509653384
Raw Sharer KV,V,12,16,36.0,0.3167300005664585,0.3535714195305496,31.582014509653384
Raw Sharer KV,V,12,16,37.0,0.3208756031148369,0.3535714195305496,31.582014509653384
Raw Sharer KV,V,12,16,38.0,0.3159148518682927,0.3535714195305496,31.582014509653384
Raw Sharer KV,V,12,16,39.0,0.31315317712404045,0.3535714195305496,31.582014509653384
Raw Sharer KV,V,12,16,40.0,0.31288904831744724,0.3535714195305496,31.582014509653384
Raw Sharer KV,V,12,16,41.0,0.299856529046665,0.3535714195305496,31.582014509653384
Raw Sharer KV,V,12,16,42.0,0.28852096753136725,0.3535714195305496,31.582014509653384
Raw Sharer KV,V,12,16,43.0,0.28767086846666645,0.3535714195305496,31.582014509653384
Raw Sharer KV,V,12,16,44.0,0.2909478220541493,0.3535714195305496,31.582014509653384
Raw Sharer KV,V,12,16,45.0,0.2946380533205231,0.3535714195305496,31.582014509653384
Raw Sharer KV,V,12,16,46.0,0.2862953222385839,0.3535714195305496,31.582014509653384
Raw Sharer KV,V,12,16,47.0,0.2724686837321496,0.3535714195305496,31.582014509653384
Raw Sharer KV,V,12,16,48.0,0.2553215126041322,0.3535714195305496,31.582014509653384
Raw Sharer KV,V,12,16,49.0,0.2436398178809028,0.3535714195305496,31.582014509653384
Raw Sharer KV,V,12,16,50.0,0.2340888076578267,0.3535714195305496,31.582014509653384
Raw Sharer KV,V,12,16,51.0,0.23372618373250617,0.3535714195305496,31.582014509653384
Raw Sharer KV,V,12,16,52.0,0.23670290998998114,0.3535714195305496,31.582014509653384
Raw Sharer KV,V,12,16,53.0,0.24362150071101515,0.3535714195305496,31.582014509653384
Raw Sharer KV,V,12,16,54.0,0.2465357233257963,0.3535714195305496,31.582014509653384
Raw Sharer KV,V,12,16,55.0,0.2423808790539625,0.3535714195305496,31.582014509653384
Raw Sharer KV,V,12,16,56.0,0.23767136898124602,0.3535714195305496,31.582014509653384
Raw Sharer KV,V,12,16,57.0,0.23215057115274235,0.3535714195305496,31.582014509653384
Raw Sharer KV,V,12,16,58.0,0.2304207609139849,0.3535714195305496,31.582014509653384
Raw Sharer KV,V,12,16,59.0,0.22634476049483054,0.3535714195305496,31.582014509653384
Raw Sharer KV,V,12,16,60.0,0.22138031438516917,0.3535714195305496,31.582014509653384
Raw Sharer KV,V,12,16,61.0,0.21418827235131171,0.3535714195305496,31.582014509653384
Raw Sharer KV,V,12,16,62.0,0.2075685960677218,0.3535714195305496,31.582014509653384
Raw Sharer KV,V,12,16,63.0,0.20483767558485844,0.3535714195305496,31.582014509653384
Raw Sharer KV,V,12,16,64.0,0.20905097124807082,0.3535714195305496,31.582014509653384
Raw Sharer KV,V,12,16,65.0,0.21129732309564142,0.3535714195305496,31.582014509653384
Raw Sharer KV,V,12,16,66.0,0.2154638381549741,0.3535714195305496,31.582014509653384
Raw Sharer KV,V,12,16,67.0,0.21491655950929237,0.3535714195305496,31.582014509653384
Raw Sharer KV,V,12,16,68.0,0.21393390998360712,0.3535714195305496,31.582014509653384
Raw Sharer KV,V,12,16,69.0,0.20681075024389423,0.3535714195305496,31.582014509653384
Raw Sharer KV,V,12,16,70.0,0.20157495989697055,0.3535714195305496,31.582014509653384
Raw Sharer KV,V,12,16,71.0,0.200544558348338,0.3535714195305496,31.582014509653384
Raw Sharer KV,V,12,16,72.0,0.20655988894170155,0.3535714195305496,31.582014509653384
Raw Sharer KV,V,12,16,73.0,0.21104747218152625,0.3535714195305496,31.582014509653384
Raw Sharer KV,V,12,16,74.0,0.20949262751644723,0.3535714195305496,31.582014509653384
Raw Sharer KV,V,12,16,75.0,0.2019168923725374,0.3535714195305496,31.582014509653384
Raw Sharer KV,V,12,16,76.0,0.2047512894391546,0.3535714195305496,31.582014509653384
Raw Sharer KV,V,12,16,77.0,0.2202758323562739,0.3535714195305496,31.582014509653384
Raw Sharer KV,V,12,16,78.0,0.23413493939035093,0.3535714195305496,31.582014509653384
Raw Sharer KV,V,12,16,79.0,0.2293457616170051,0.3535714195305496,31.582014509653384
Raw Sharer KV,V,12,16,80.0,0.21001977456908213,0.3535714195305496,31.582014509653384
Raw Sharer KV,V,12,16,81.0,0.18940002476985687,0.3535714195305496,31.582014509653384
Raw Sharer KV,V,12,16,82.0,0.182418641987897,0.3535714195305496,31.582014509653384
Raw Sharer KV,V,12,16,83.0,0.1916580062326102,0.3535714195305496,31.582014509653384
Raw Sharer KV,V,12,16,84.0,0.19869028322049398,0.3535714195305496,31.582014509653384
Raw Sharer KV,V,12,16,85.0,0.19713499707504512,0.3535714195305496,31.582014509653384
Raw Sharer KV,V,12,16,86.0,0.1899077886156738,0.3535714195305496,31.582014509653384
Raw Sharer KV,V,12,16,87.0,0.1912368750432506,0.3535714195305496,31.582014509653384
Raw Sharer KV,V,12,16,88.0,0.19873970837914384,0.3535714195305496,31.582014509653384
Raw Sharer KV,V,12,16,89.0,0.20518763133455675,0.3535714195305496,31.582014509653384
Raw Sharer KV,V,12,16,90.0,0.19983327174413715,0.3535714195305496,31.582014509653384
Raw Sharer KV,V,12,16,91.0,0.1901649729658675,0.3535714195305496,31.582014509653384
Raw Sharer KV,V,12,16,92.0,0.18464377608906948,0.3535714195305496,31.582014509653384
Raw Sharer KV,V,12,16,93.0,0.18434266153213688,0.3535714195305496,31.582014509653384
Raw Sharer KV,V,12,16,94.0,0.18494156353903238,0.3535714195305496,31.582014509653384
Raw Sharer KV,V,12,16,95.0,0.17672766409887108,0.3535714195305496,31.582014509653384
Raw Sharer KV,V,12,16,96.0,0.17441341531870425,0.3535714195305496,31.582014509653384
Raw Sharer KV,V,12,16,97.0,0.1847581868624549,0.3535714195305496,31.582014509653384
Raw Sharer KV,V,12,16,98.0,0.19663941863953358,0.3535714195305496,31.582014509653384
Raw Sharer KV,V,12,16,99.0,0.1920662395014368,0.3535714195305496,31.582014509653384
Raw Sharer KV,V,12,16,100.0,0.1809919890074525,0.3535714195305496,31.582014509653384
Raw Sharer KV,V,18,22,0.0,11.404842549934983,0.4164858420753984,28.41267305564889
Raw Sharer KV,V,18,22,1.0,3.409204441227481,0.4164858420753984,28.41267305564889
Raw Sharer KV,V,18,22,2.0,1.7376651446544558,0.4164858420753984,28.41267305564889
Raw Sharer KV,V,18,22,3.0,1.254152788541979,0.4164858420753984,28.41267305564889
Raw Sharer KV,V,18,22,4.0,1.0030834840377785,0.4164858420753984,28.41267305564889
Raw Sharer KV,V,18,22,5.0,0.9886179362074475,0.4164858420753984,28.41267305564889
Raw Sharer KV,V,18,22,6.0,1.0537286017776915,0.4164858420753984,28.41267305564889
Raw Sharer KV,V,18,22,7.0,1.04711416053935,0.4164858420753984,28.41267305564889
Raw Sharer KV,V,18,22,8.0,1.0161063626687974,0.4164858420753984,28.41267305564889
Raw Sharer KV,V,18,22,9.0,0.9700305758242037,0.4164858420753984,28.41267305564889
Raw Sharer KV,V,18,22,10.0,0.9015851943870076,0.4164858420753984,28.41267305564889
Raw Sharer KV,V,18,22,11.0,0.8430043526529338,0.4164858420753984,28.41267305564889
Raw Sharer KV,V,18,22,12.0,0.7750657754554405,0.4164858420753984,28.41267305564889
Raw Sharer KV,V,18,22,13.0,0.7314586789230811,0.4164858420753984,28.41267305564889
Raw Sharer KV,V,18,22,14.0,0.6873051200737245,0.4164858420753984,28.41267305564889
Raw Sharer KV,V,18,22,15.0,0.6300381104345438,0.4164858420753984,28.41267305564889
Raw Sharer KV,V,18,22,16.0,0.5984603065496775,0.4164858420753984,28.41267305564889
Raw Sharer KV,V,18,22,17.0,0.6193374221352868,0.4164858420753984,28.41267305564889
Raw Sharer KV,V,18,22,18.0,0.6524700868537181,0.4164858420753984,28.41267305564889
Raw Sharer KV,V,18,22,19.0,0.6525454011012334,0.4164858420753984,28.41267305564889
Raw Sharer KV,V,18,22,20.0,0.6179289617342874,0.4164858420753984,28.41267305564889
Raw Sharer KV,V,18,22,21.0,0.5749785332169269,0.4164858420753984,28.41267305564889
Raw Sharer KV,V,18,22,22.0,0.5610092224157411,0.4164858420753984,28.41267305564889
Raw Sharer KV,V,18,22,23.0,0.5680560431804039,0.4164858420753984,28.41267305564889
Raw Sharer KV,V,18,22,24.0,0.5636058201803823,0.4164858420753984,28.41267305564889
Raw Sharer KV,V,18,22,25.0,0.5584244564961409,0.4164858420753984,28.41267305564889
Raw Sharer KV,V,18,22,26.0,0.5514180620631671,0.4164858420753984,28.41267305564889
Raw Sharer KV,V,18,22,27.0,0.5384791992173994,0.4164858420753984,28.41267305564889
Raw Sharer KV,V,18,22,28.0,0.514384994750144,0.4164858420753984,28.41267305564889
Raw Sharer KV,V,18,22,29.0,0.5043402968626469,0.4164858420753984,28.41267305564889
Raw Sharer KV,V,18,22,30.0,0.496315968240378,0.4164858420753984,28.41267305564889
Raw Sharer KV,V,18,22,31.0,0.4745643841047418,0.4164858420753984,28.41267305564889
Raw Sharer KV,V,18,22,32.0,0.44016961905756025,0.4164858420753984,28.41267305564889
Raw Sharer KV,V,18,22,33.0,0.4095616410439833,0.4164858420753984,28.41267305564889
Raw Sharer KV,V,18,22,34.0,0.4189120681333586,0.4164858420753984,28.41267305564889
Raw Sharer KV,V,18,22,35.0,0.46693604195024835,0.4164858420753984,28.41267305564889
Raw Sharer KV,V,18,22,36.0,0.5062079393398013,0.4164858420753984,28.41267305564889
Raw Sharer KV,V,18,22,37.0,0.5019006380459178,0.4164858420753984,28.41267305564889
Raw Sharer KV,V,18,22,38.0,0.45839526200259534,0.4164858420753984,28.41267305564889
Raw Sharer KV,V,18,22,39.0,0.4138494745889331,0.4164858420753984,28.41267305564889
Raw Sharer KV,V,18,22,40.0,0.38816357349278385,0.4164858420753984,28.41267305564889
Raw Sharer KV,V,18,22,41.0,0.3692711959555162,0.4164858420753984,28.41267305564889
Raw Sharer KV,V,18,22,42.0,0.3587585565121845,0.4164858420753984,28.41267305564889
Raw Sharer KV,V,18,22,43.0,0.37232880423398473,0.4164858420753984,28.41267305564889
Raw Sharer KV,V,18,22,44.0,0.4031995705061125,0.4164858420753984,28.41267305564889
Raw Sharer KV,V,18,22,45.0,0.4315125053923112,0.4164858420753984,28.41267305564889
Raw Sharer KV,V,18,22,46.0,0.4328046122973316,0.4164858420753984,28.41267305564889
Raw Sharer KV,V,18,22,47.0,0.4096618193370524,0.4164858420753984,28.41267305564889
Raw Sharer KV,V,18,22,48.0,0.38085584481712426,0.4164858420753984,28.41267305564889
Raw Sharer KV,V,18,22,49.0,0.3503170146193592,0.4164858420753984,28.41267305564889
Raw Sharer KV,V,18,22,50.0,0.32065791776403785,0.4164858420753984,28.41267305564889
Raw Sharer KV,V,18,22,51.0,0.30696655243780696,0.4164858420753984,28.41267305564889
Raw Sharer KV,V,18,22,52.0,0.30493186136824063,0.4164858420753984,28.41267305564889
Raw Sharer KV,V,18,22,53.0,0.31191134150780275,0.4164858420753984,28.41267305564889
Raw Sharer KV,V,18,22,54.0,0.3208338514307978,0.4164858420753984,28.41267305564889
Raw Sharer KV,V,18,22,55.0,0.3191286529821807,0.4164858420753984,28.41267305564889
Raw Sharer KV,V,18,22,56.0,0.3114009935560169,0.4164858420753984,28.41267305564889
Raw Sharer KV,V,18,22,57.0,0.30531830171239566,0.4164858420753984,28.41267305564889
Raw Sharer KV,V,18,22,58.0,0.3057119554368546,0.4164858420753984,28.41267305564889
Raw Sharer KV,V,18,22,59.0,0.30630882153869576,0.4164858420753984,28.41267305564889
Raw Sharer KV,V,18,22,60.0,0.299947828473523,0.4164858420753984,28.41267305564889
Raw Sharer KV,V,18,22,61.0,0.2930320784435026,0.4164858420753984,28.41267305564889
Raw Sharer KV,V,18,22,62.0,0.2850481784658042,0.4164858420753984,28.41267305564889
Raw Sharer KV,V,18,22,63.0,0.2850455297090227,0.4164858420753984,28.41267305564889
Raw Sharer KV,V,18,22,64.0,0.29012105526519016,0.4164858420753984,28.41267305564889
Raw Sharer KV,V,18,22,65.0,0.30154158714722157,0.4164858420753984,28.41267305564889
Raw Sharer KV,V,18,22,66.0,0.3036454338603653,0.4164858420753984,28.41267305564889
Raw Sharer KV,V,18,22,67.0,0.2909016979405713,0.4164858420753984,28.41267305564889
Raw Sharer KV,V,18,22,68.0,0.2824884943378858,0.4164858420753984,28.41267305564889
Raw Sharer KV,V,18,22,69.0,0.2825357484273265,0.4164858420753984,28.41267305564889
Raw Sharer KV,V,18,22,70.0,0.287657437144662,0.4164858420753984,28.41267305564889
Raw Sharer KV,V,18,22,71.0,0.2940599805582318,0.4164858420753984,28.41267305564889
Raw Sharer KV,V,18,22,72.0,0.2995250256452713,0.4164858420753984,28.41267305564889
Raw Sharer KV,V,18,22,73.0,0.29902130267728355,0.4164858420753984,28.41267305564889
Raw Sharer KV,V,18,22,74.0,0.29441410631785375,0.4164858420753984,28.41267305564889
Raw Sharer KV,V,18,22,75.0,0.2854134306398919,0.4164858420753984,28.41267305564889
Raw Sharer KV,V,18,22,76.0,0.2810675489692948,0.4164858420753984,28.41267305564889
Raw Sharer KV,V,18,22,77.0,0.28507281321100847,0.4164858420753984,28.41267305564889
Raw Sharer KV,V,18,22,78.0,0.2944331161907755,0.4164858420753984,28.41267305564889
Raw Sharer KV,V,18,22,79.0,0.31161555388127443,0.4164858420753984,28.41267305564889
Raw Sharer KV,V,18,22,80.0,0.32251747830887334,0.4164858420753984,28.41267305564889
Raw Sharer KV,V,18,22,81.0,0.31345968723020645,0.4164858420753984,28.41267305564889
Raw Sharer KV,V,18,22,82.0,0.2891503657150315,0.4164858420753984,28.41267305564889
Raw Sharer KV,V,18,22,83.0,0.2755978666208099,0.4164858420753984,28.41267305564889
Raw Sharer KV,V,18,22,84.0,0.26610483388765693,0.4164858420753984,28.41267305564889
Raw Sharer KV,V,18,22,85.0,0.2587284404828095,0.4164858420753984,28.41267305564889
Raw Sharer KV,V,18,22,86.0,0.2468861628184094,0.4164858420753984,28.41267305564889
Raw Sharer KV,V,18,22,87.0,0.23647107334298223,0.4164858420753984,28.41267305564889
Raw Sharer KV,V,18,22,88.0,0.23984419366694057,0.4164858420753984,28.41267305564889
Raw Sharer KV,V,18,22,89.0,0.250068314224045,0.4164858420753984,28.41267305564889
Raw Sharer KV,V,18,22,90.0,0.25477049531909873,0.4164858420753984,28.41267305564889
Raw Sharer KV,V,18,22,91.0,0.25021861526096495,0.4164858420753984,28.41267305564889
Raw Sharer KV,V,18,22,92.0,0.24534508176438966,0.4164858420753984,28.41267305564889
Raw Sharer KV,V,18,22,93.0,0.24668335089256294,0.4164858420753984,28.41267305564889
Raw Sharer KV,V,18,22,94.0,0.25391848881205087,0.4164858420753984,28.41267305564889
Raw Sharer KV,V,18,22,95.0,0.25645669080622613,0.4164858420753984,28.41267305564889
Raw Sharer KV,V,18,22,96.0,0.2629268010077067,0.4164858420753984,28.41267305564889
Raw Sharer KV,V,18,22,97.0,0.2707966157546616,0.4164858420753984,28.41267305564889
Raw Sharer KV,V,18,22,98.0,0.2764254408190027,0.4164858420753984,28.41267305564889
Raw Sharer KV,V,18,22,99.0,0.2679019296306068,0.4164858420753984,28.41267305564889
Raw Sharer KV,V,18,22,100.0,0.2563834290194791,0.4164858420753984,28.41267305564889
Raw Sharer KV,V,23,27,0.0,20.82403083704412,0.2518307847916797,38.72664151196519
Raw Sharer KV,V,23,27,1.0,7.994980417266489,0.2518307847916797,38.72664151196519
Raw Sharer KV,V,23,27,2.0,4.539451931281943,0.2518307847916797,38.72664151196519
Raw Sharer KV,V,23,27,3.0,3.3780247790785514,0.2518307847916797,38.72664151196519
Raw Sharer KV,V,23,27,4.0,2.8061747873760767,0.2518307847916797,38.72664151196519
Raw Sharer KV,V,23,27,5.0,2.78424647997599,0.2518307847916797,38.72664151196519
Raw Sharer KV,V,23,27,6.0,2.8634040297195322,0.2518307847916797,38.72664151196519
Raw Sharer KV,V,23,27,7.0,2.8563325363467444,0.2518307847916797,38.72664151196519
Raw Sharer KV,V,23,27,8.0,2.8383087224047636,0.2518307847916797,38.72664151196519
Raw Sharer KV,V,23,27,9.0,2.8037350476137357,0.2518307847916797,38.72664151196519
Raw Sharer KV,V,23,27,10.0,2.838383444771169,0.2518307847916797,38.72664151196519
Raw Sharer KV,V,23,27,11.0,2.7383912064810274,0.2518307847916797,38.72664151196519
Raw Sharer KV,V,23,27,12.0,2.5221516891196365,0.2518307847916797,38.72664151196519
Raw Sharer KV,V,23,27,13.0,2.3910398965596698,0.2518307847916797,38.72664151196519
Raw Sharer KV,V,23,27,14.0,2.4225991705944736,0.2518307847916797,38.72664151196519
Raw Sharer KV,V,23,27,15.0,2.458784513187129,0.2518307847916797,38.72664151196519
Raw Sharer KV,V,23,27,16.0,2.4901749579980987,0.2518307847916797,38.72664151196519
Raw Sharer KV,V,23,27,17.0,2.4743652805977034,0.2518307847916797,38.72664151196519
Raw Sharer KV,V,23,27,18.0,2.4011959965573606,0.2518307847916797,38.72664151196519
Raw Sharer KV,V,23,27,19.0,2.409788709620478,0.2518307847916797,38.72664151196519
Raw Sharer KV,V,23,27,20.0,2.383987238258126,0.2518307847916797,38.72664151196519
Raw Sharer KV,V,23,27,21.0,2.3847511483600816,0.2518307847916797,38.72664151196519
Raw Sharer KV,V,23,27,22.0,2.457881082878448,0.2518307847916797,38.72664151196519
Raw Sharer KV,V,23,27,23.0,2.499407464526592,0.2518307847916797,38.72664151196519
Raw Sharer KV,V,23,27,24.0,2.4554978472087527,0.2518307847916797,38.72664151196519
Raw Sharer KV,V,23,27,25.0,2.3579500662744977,0.2518307847916797,38.72664151196519
Raw Sharer KV,V,23,27,26.0,2.274874782396946,0.2518307847916797,38.72664151196519
Raw Sharer KV,V,23,27,27.0,2.2061548441671763,0.2518307847916797,38.72664151196519
Raw Sharer KV,V,23,27,28.0,2.1818316073669135,0.2518307847916797,38.72664151196519
Raw Sharer KV,V,23,27,29.0,2.2738691515522085,0.2518307847916797,38.72664151196519
Raw Sharer KV,V,23,27,30.0,2.3474582892376934,0.2518307847916797,38.72664151196519
Raw Sharer KV,V,23,27,31.0,2.243071787003427,0.2518307847916797,38.72664151196519
Raw Sharer KV,V,23,27,32.0,2.1512054341938356,0.2518307847916797,38.72664151196519
Raw Sharer KV,V,23,27,33.0,2.068541351779131,0.2518307847916797,38.72664151196519
Raw Sharer KV,V,23,27,34.0,2.092664586624598,0.2518307847916797,38.72664151196519
Raw Sharer KV,V,23,27,35.0,2.228496164886747,0.2518307847916797,38.72664151196519
Raw Sharer KV,V,23,27,36.0,2.369658600613476,0.2518307847916797,38.72664151196519
Raw Sharer KV,V,23,27,37.0,2.3837447971035726,0.2518307847916797,38.72664151196519
Raw Sharer KV,V,23,27,38.0,2.2563709495635704,0.2518307847916797,38.72664151196519
Raw Sharer KV,V,23,27,39.0,2.188100611199624,0.2518307847916797,38.72664151196519
Raw Sharer KV,V,23,27,40.0,2.202829824900255,0.2518307847916797,38.72664151196519
Raw Sharer KV,V,23,27,41.0,2.130339754228479,0.2518307847916797,38.72664151196519
Raw Sharer KV,V,23,27,42.0,1.9377434331201944,0.2518307847916797,38.72664151196519
Raw Sharer KV,V,23,27,43.0,1.7900793264131063,0.2518307847916797,38.72664151196519
Raw Sharer KV,V,23,27,44.0,1.7481303464854125,0.2518307847916797,38.72664151196519
Raw Sharer KV,V,23,27,45.0,1.8514435413875616,0.2518307847916797,38.72664151196519
Raw Sharer KV,V,23,27,46.0,1.9380628276779304,0.2518307847916797,38.72664151196519
Raw Sharer KV,V,23,27,47.0,1.9144560974859637,0.2518307847916797,38.72664151196519
Raw Sharer KV,V,23,27,48.0,1.8708350751874983,0.2518307847916797,38.72664151196519
Raw Sharer KV,V,23,27,49.0,1.8608815494517328,0.2518307847916797,38.72664151196519
Raw Sharer KV,V,23,27,50.0,1.8152963955653831,0.2518307847916797,38.72664151196519
Raw Sharer KV,V,23,27,51.0,1.7974519080296174,0.2518307847916797,38.72664151196519
Raw Sharer KV,V,23,27,52.0,1.780227441168391,0.2518307847916797,38.72664151196519
Raw Sharer KV,V,23,27,53.0,1.7924715092452232,0.2518307847916797,38.72664151196519
Raw Sharer KV,V,23,27,54.0,1.761544195706957,0.2518307847916797,38.72664151196519
Raw Sharer KV,V,23,27,55.0,1.678670333925403,0.2518307847916797,38.72664151196519
Raw Sharer KV,V,23,27,56.0,1.656465403577313,0.2518307847916797,38.72664151196519
Raw Sharer KV,V,23,27,57.0,1.645945942250547,0.2518307847916797,38.72664151196519
Raw Sharer KV,V,23,27,58.0,1.637121875677256,0.2518307847916797,38.72664151196519
Raw Sharer KV,V,23,27,59.0,1.6032772722048683,0.2518307847916797,38.72664151196519
Raw Sharer KV,V,23,27,60.0,1.5395996896550055,0.2518307847916797,38.72664151196519
Raw Sharer KV,V,23,27,61.0,1.5852452711400113,0.2518307847916797,38.72664151196519
Raw Sharer KV,V,23,27,62.0,1.62744380411692,0.2518307847916797,38.72664151196519
Raw Sharer KV,V,23,27,63.0,1.6695955688634394,0.2518307847916797,38.72664151196519
Raw Sharer KV,V,23,27,64.0,1.6438679536012937,0.2518307847916797,38.72664151196519
Raw Sharer KV,V,23,27,65.0,1.6323670304613187,0.2518307847916797,38.72664151196519
Raw Sharer KV,V,23,27,66.0,1.6413093583611769,0.2518307847916797,38.72664151196519
Raw Sharer KV,V,23,27,67.0,1.6076950825063974,0.2518307847916797,38.72664151196519
Raw Sharer KV,V,23,27,68.0,1.5234289998142048,0.2518307847916797,38.72664151196519
Raw Sharer KV,V,23,27,69.0,1.4589762191195041,0.2518307847916797,38.72664151196519
Raw Sharer KV,V,23,27,70.0,1.4629551055841141,0.2518307847916797,38.72664151196519
Raw Sharer KV,V,23,27,71.0,1.4994121220975651,0.2518307847916797,38.72664151196519
Raw Sharer KV,V,23,27,72.0,1.525235098847187,0.2518307847916797,38.72664151196519
Raw Sharer KV,V,23,27,73.0,1.5243322877178433,0.2518307847916797,38.72664151196519
Raw Sharer KV,V,23,27,74.0,1.4947995380102668,0.2518307847916797,38.72664151196519
Raw Sharer KV,V,23,27,75.0,1.5092845111794304,0.2518307847916797,38.72664151196519
Raw Sharer KV,V,23,27,76.0,1.5492428632825603,0.2518307847916797,38.72664151196519
Raw Sharer KV,V,23,27,77.0,1.6102763676049665,0.2518307847916797,38.72664151196519
Raw Sharer KV,V,23,27,78.0,1.6092842893046322,0.2518307847916797,38.72664151196519
Raw Sharer KV,V,23,27,79.0,1.5574801669060236,0.2518307847916797,38.72664151196519
Raw Sharer KV,V,23,27,80.0,1.5170783227542426,0.2518307847916797,38.72664151196519
Raw Sharer KV,V,23,27,81.0,1.4662056491652038,0.2518307847916797,38.72664151196519
Raw Sharer KV,V,23,27,82.0,1.4267850574688052,0.2518307847916797,38.72664151196519
Raw Sharer KV,V,23,27,83.0,1.4220948163687712,0.2518307847916797,38.72664151196519
Raw Sharer KV,V,23,27,84.0,1.5039329097932204,0.2518307847916797,38.72664151196519
Raw Sharer KV,V,23,27,85.0,1.5973446130636146,0.2518307847916797,38.72664151196519
Raw Sharer KV,V,23,27,86.0,1.6784838544321237,0.2518307847916797,38.72664151196519
Raw Sharer KV,V,23,27,87.0,1.7132920825784084,0.2518307847916797,38.72664151196519
Raw Sharer KV,V,23,27,88.0,1.6626053311303264,0.2518307847916797,38.72664151196519
Raw Sharer KV,V,23,27,89.0,1.56136825070367,0.2518307847916797,38.72664151196519
Raw Sharer KV,V,23,27,90.0,1.4809821036993518,0.2518307847916797,38.72664151196519
Raw Sharer KV,V,23,27,91.0,1.4679264745092933,0.2518307847916797,38.72664151196519
Raw Sharer KV,V,23,27,92.0,1.4934191088657824,0.2518307847916797,38.72664151196519
Raw Sharer KV,V,23,27,93.0,1.5952554870082531,0.2518307847916797,38.72664151196519
Raw Sharer KV,V,23,27,94.0,1.641172642100137,0.2518307847916797,38.72664151196519
Raw Sharer KV,V,23,27,95.0,1.5860052156378504,0.2518307847916797,38.72664151196519
Raw Sharer KV,V,23,27,96.0,1.4871753904037166,0.2518307847916797,38.72664151196519
Raw Sharer KV,V,23,27,97.0,1.4332505260244952,0.2518307847916797,38.72664151196519
Raw Sharer KV,V,23,27,98.0,1.4244429086823953,0.2518307847916797,38.72664151196519
Raw Sharer KV,V,23,27,99.0,1.4564551615668462,0.2518307847916797,38.72664151196519
Raw Sharer KV,V,23,27,100.0,1.5230437004938722,0.2518307847916797,38.72664151196519
C2C-JCB latent,K,0,4,0.0,147.9754904732108,0.9817008964904704,0.7636739103355217
C2C-JCB latent,K,0,4,1.0,27.734312963503875,0.9817008964904704,0.7636739103355217
C2C-JCB latent,K,0,4,2.0,1.7007802802109648,0.9817008964904704,0.7636739103355217
C2C-JCB latent,K,0,4,3.0,0.05598908343939909,0.9817008964904704,0.7636739103355217
C2C-JCB latent,K,0,4,4.0,0.04443957383939056,0.9817008964904704,0.7636739103355217
C2C-JCB latent,K,0,4,5.0,0.03537227444505788,0.9817008964904704,0.7636739103355217
C2C-JCB latent,K,0,4,6.0,0.03354716600506435,0.9817008964904704,0.7636739103355217
C2C-JCB latent,K,0,4,7.0,0.02375646241953064,0.9817008964904704,0.7636739103355217
C2C-JCB latent,K,0,4,8.0,0.0304614436328393,0.9817008964904704,0.7636739103355217
C2C-JCB latent,K,0,4,9.0,0.03684357255600394,0.9817008964904704,0.7636739103355217
C2C-JCB latent,K,0,4,10.0,0.019607026292737823,0.9817008964904704,0.7636739103355217
C2C-JCB latent,K,0,4,11.0,0.014487449454250078,0.9817008964904704,0.7636739103355217
C2C-JCB latent,K,0,4,12.0,0.015540398951634428,0.9817008964904704,0.7636739103355217
C2C-JCB latent,K,0,4,13.0,0.03428916495927525,0.9817008964904704,0.7636739103355217
C2C-JCB latent,K,0,4,14.0,0.0420310232559404,0.9817008964904704,0.7636739103355217
C2C-JCB latent,K,0,4,15.0,0.021078779646268246,0.9817008964904704,0.7636739103355217
C2C-JCB latent,K,0,4,16.0,0.011317354711518417,0.9817008964904704,0.7636739103355217
C2C-JCB latent,K,0,4,17.0,0.010421905370189955,0.9817008964904704,0.7636739103355217
C2C-JCB latent,K,0,4,18.0,0.016425752979362197,0.9817008964904704,0.7636739103355217
C2C-JCB latent,K,0,4,19.0,0.0353801048365517,0.9817008964904704,0.7636739103355217
C2C-JCB latent,K,0,4,20.0,0.08321230138099053,0.9817008964904704,0.7636739103355217
C2C-JCB latent,K,0,4,21.0,0.11767498327435529,0.9817008964904704,0.7636739103355217
C2C-JCB latent,K,0,4,22.0,0.07979563329667147,0.9817008964904704,0.7636739103355217
C2C-JCB latent,K,0,4,23.0,0.04417635681410504,0.9817008964904704,0.7636739103355217
C2C-JCB latent,K,0,4,24.0,0.02411735310644874,0.9817008964904704,0.7636739103355217
C2C-JCB latent,K,0,4,25.0,0.019433032890304958,0.9817008964904704,0.7636739103355217
C2C-JCB latent,K,0,4,26.0,0.02149466893452428,0.9817008964904704,0.7636739103355217
C2C-JCB latent,K,0,4,27.0,0.026010595154334647,0.9817008964904704,0.7636739103355217
C2C-JCB latent,K,0,4,28.0,0.03353005054992535,0.9817008964904704,0.7636739103355217
C2C-JCB latent,K,0,4,29.0,0.05535166406360521,0.9817008964904704,0.7636739103355217
C2C-JCB latent,K,0,4,30.0,0.14816272662392282,0.9817008964904704,0.7636739103355217
C2C-JCB latent,K,0,4,31.0,0.42873387867323387,0.9817008964904704,0.7636739103355217
C2C-JCB latent,K,0,4,32.0,0.8666754507785653,0.9817008964904704,0.7636739103355217
C2C-JCB latent,K,0,4,33.0,0.5385225721478485,0.9817008964904704,0.7636739103355217
C2C-JCB latent,K,0,4,34.0,0.24295384367177528,0.9817008964904704,0.7636739103355217
C2C-JCB latent,K,0,4,35.0,0.09703129999172659,0.9817008964904704,0.7636739103355217
C2C-JCB latent,K,0,4,36.0,0.0402067353379471,0.9817008964904704,0.7636739103355217
C2C-JCB latent,K,0,4,37.0,0.021883971923383563,0.9817008964904704,0.7636739103355217
C2C-JCB latent,K,0,4,38.0,0.01464719057628484,0.9817008964904704,0.7636739103355217
C2C-JCB latent,K,0,4,39.0,0.010222314452190052,0.9817008964904704,0.7636739103355217
C2C-JCB latent,K,0,4,40.0,0.007363619111902147,0.9817008964904704,0.7636739103355217
C2C-JCB latent,K,0,4,41.0,0.006702024092523965,0.9817008964904704,0.7636739103355217
C2C-JCB latent,K,0,4,42.0,0.0052775054875905895,0.9817008964904704,0.7636739103355217
C2C-JCB latent,K,0,4,43.0,0.004059124276471947,0.9817008964904704,0.7636739103355217
C2C-JCB latent,K,0,4,44.0,0.0034538168986000535,0.9817008964904704,0.7636739103355217
C2C-JCB latent,K,0,4,45.0,0.003624335637096011,0.9817008964904704,0.7636739103355217
C2C-JCB latent,K,0,4,46.0,0.003764382316843465,0.9817008964904704,0.7636739103355217
C2C-JCB latent,K,0,4,47.0,0.0031679055623476432,0.9817008964904704,0.7636739103355217
C2C-JCB latent,K,0,4,48.0,0.002627419856864892,0.9817008964904704,0.7636739103355217
C2C-JCB latent,K,0,4,49.0,0.0023822997991862845,0.9817008964904704,0.7636739103355217
C2C-JCB latent,K,0,4,50.0,0.0023164245986322385,0.9817008964904704,0.7636739103355217
C2C-JCB latent,K,0,4,51.0,0.0021377134351655484,0.9817008964904704,0.7636739103355217
C2C-JCB latent,K,0,4,52.0,0.003086596169623594,0.9817008964904704,0.7636739103355217
C2C-JCB latent,K,0,4,53.0,0.00517496699663752,0.9817008964904704,0.7636739103355217
C2C-JCB latent,K,0,4,54.0,0.0039249021408636455,0.9817008964904704,0.7636739103355217
C2C-JCB latent,K,0,4,55.0,0.0029465489145195506,0.9817008964904704,0.7636739103355217
C2C-JCB latent,K,0,4,56.0,0.0022808300413089417,0.9817008964904704,0.7636739103355217
C2C-JCB latent,K,0,4,57.0,0.001775762063989529,0.9817008964904704,0.7636739103355217
C2C-JCB latent,K,0,4,58.0,0.0015988418477490994,0.9817008964904704,0.7636739103355217
C2C-JCB latent,K,0,4,59.0,0.001494550658893559,0.9817008964904704,0.7636739103355217
C2C-JCB latent,K,0,4,60.0,0.0015143057628506536,0.9817008964904704,0.7636739103355217
C2C-JCB latent,K,0,4,61.0,0.001761567130802745,0.9817008964904704,0.7636739103355217
C2C-JCB latent,K,0,4,62.0,0.0028948125514568807,0.9817008964904704,0.7636739103355217
C2C-JCB latent,K,0,4,63.0,0.006929620684383062,0.9817008964904704,0.7636739103355217
C2C-JCB latent,K,0,4,64.0,0.028401441406313115,0.9817008964904704,0.7636739103355217
C2C-JCB latent,K,0,4,65.0,0.020766701649301895,0.9817008964904704,0.7636739103355217
C2C-JCB latent,K,0,4,66.0,0.010001852514283175,0.9817008964904704,0.7636739103355217
C2C-JCB latent,K,0,4,67.0,0.004503291921261034,0.9817008964904704,0.7636739103355217
C2C-JCB latent,K,0,4,68.0,0.002420948416720416,0.9817008964904704,0.7636739103355217
C2C-JCB latent,K,0,4,69.0,0.0017880114753677362,0.9817008964904704,0.7636739103355217
C2C-JCB latent,K,0,4,70.0,0.0014436611925759705,0.9817008964904704,0.7636739103355217
C2C-JCB latent,K,0,4,71.0,0.0012695460045739552,0.9817008964904704,0.7636739103355217
C2C-JCB latent,K,0,4,72.0,0.0013301403641321485,0.9817008964904704,0.7636739103355217
C2C-JCB latent,K,0,4,73.0,0.0019749648632784987,0.9817008964904704,0.7636739103355217
C2C-JCB latent,K,0,4,74.0,0.002195684127178767,0.9817008964904704,0.7636739103355217
C2C-JCB latent,K,0,4,75.0,0.0016659980157811558,0.9817008964904704,0.7636739103355217
C2C-JCB latent,K,0,4,76.0,0.0012467878429924886,0.9817008964904704,0.7636739103355217
C2C-JCB latent,K,0,4,77.0,0.0014412597759911711,0.9817008964904704,0.7636739103355217
C2C-JCB latent,K,0,4,78.0,0.0018160164255414226,0.9817008964904704,0.7636739103355217
C2C-JCB latent,K,0,4,79.0,0.0019410271550583495,0.9817008964904704,0.7636739103355217
C2C-JCB latent,K,0,4,80.0,0.0017455059301710193,0.9817008964904704,0.7636739103355217
C2C-JCB latent,K,0,4,81.0,0.0013942351163177577,0.9817008964904704,0.7636739103355217
C2C-JCB latent,K,0,4,82.0,0.0010313350596845774,0.9817008964904704,0.7636739103355217
C2C-JCB latent,K,0,4,83.0,0.0009617062220053186,0.9817008964904704,0.7636739103355217
C2C-JCB latent,K,0,4,84.0,0.0015237027433477105,0.9817008964904704,0.7636739103355217
C2C-JCB latent,K,0,4,85.0,0.0021152721370015105,0.9817008964904704,0.7636739103355217
C2C-JCB latent,K,0,4,86.0,0.001962086287815054,0.9817008964904704,0.7636739103355217
C2C-JCB latent,K,0,4,87.0,0.0017977436065098125,0.9817008964904704,0.7636739103355217
C2C-JCB latent,K,0,4,88.0,0.001514784540643176,0.9817008964904704,0.7636739103355217
C2C-JCB latent,K,0,4,89.0,0.0012356702706551896,0.9817008964904704,0.7636739103355217
C2C-JCB latent,K,0,4,90.0,0.0010524488035059672,0.9817008964904704,0.7636739103355217
C2C-JCB latent,K,0,4,91.0,0.0010370151877302195,0.9817008964904704,0.7636739103355217
C2C-JCB latent,K,0,4,92.0,0.0011379530685292137,0.9817008964904704,0.7636739103355217
C2C-JCB latent,K,0,4,93.0,0.001378936039134831,0.9817008964904704,0.7636739103355217
C2C-JCB latent,K,0,4,94.0,0.0015042420157453755,0.9817008964904704,0.7636739103355217
C2C-JCB latent,K,0,4,95.0,0.0016855194085934522,0.9817008964904704,0.7636739103355217
C2C-JCB latent,K,0,4,96.0,0.002418821233782184,0.9817008964904704,0.7636739103355217
C2C-JCB latent,K,0,4,97.0,0.0018205556264848633,0.9817008964904704,0.7636739103355217
C2C-JCB latent,K,0,4,98.0,0.0013757152810558188,0.9817008964904704,0.7636739103355217
C2C-JCB latent,K,0,4,99.0,0.0011860374565975458,0.9817008964904704,0.7636739103355217
C2C-JCB latent,K,0,4,100.0,0.0010337200912999833,0.9817008964904704,0.7636739103355217
C2C-JCB latent,K,6,10,0.0,0.33445016233599745,0.8692070498607517,6.276078331137579
C2C-JCB latent,K,6,10,1.0,0.06752453688874088,0.8692070498607517,6.276078331137579
C2C-JCB latent,K,6,10,2.0,0.01119503053273548,0.8692070498607517,6.276078331137579
C2C-JCB latent,K,6,10,3.0,0.005047050708406007,0.8692070498607517,6.276078331137579
C2C-JCB latent,K,6,10,4.0,0.0035331864814725136,0.8692070498607517,6.276078331137579
C2C-JCB latent,K,6,10,5.0,0.0034072681828718025,0.8692070498607517,6.276078331137579
C2C-JCB latent,K,6,10,6.0,0.0035107343029835637,0.8692070498607517,6.276078331137579
C2C-JCB latent,K,6,10,7.0,0.0027456476906593283,0.8692070498607517,6.276078331137579
C2C-JCB latent,K,6,10,8.0,0.002657307284662237,0.8692070498607517,6.276078331137579
C2C-JCB latent,K,6,10,9.0,0.002467166692117642,0.8692070498607517,6.276078331137579
C2C-JCB latent,K,6,10,10.0,0.0019103506577039303,0.8692070498607517,6.276078331137579
C2C-JCB latent,K,6,10,11.0,0.0017263483908720896,0.8692070498607517,6.276078331137579
C2C-JCB latent,K,6,10,12.0,0.0018366081796557419,0.8692070498607517,6.276078331137579
C2C-JCB latent,K,6,10,13.0,0.0024487632748605415,0.8692070498607517,6.276078331137579
C2C-JCB latent,K,6,10,14.0,0.0023806717384741182,0.8692070498607517,6.276078331137579
C2C-JCB latent,K,6,10,15.0,0.0015459456717536566,0.8692070498607517,6.276078331137579
C2C-JCB latent,K,6,10,16.0,0.001068767062545249,0.8692070498607517,6.276078331137579
C2C-JCB latent,K,6,10,17.0,0.000953101902396725,0.8692070498607517,6.276078331137579
C2C-JCB latent,K,6,10,18.0,0.0009963640679018224,0.8692070498607517,6.276078331137579
C2C-JCB latent,K,6,10,19.0,0.001073523347600941,0.8692070498607517,6.276078331137579
C2C-JCB latent,K,6,10,20.0,0.0012073397647100138,0.8692070498607517,6.276078331137579
C2C-JCB latent,K,6,10,21.0,0.0012027959442673368,0.8692070498607517,6.276078331137579
C2C-JCB latent,K,6,10,22.0,0.0009924005775087611,0.8692070498607517,6.276078331137579
C2C-JCB latent,K,6,10,23.0,0.0009428694053900701,0.8692070498607517,6.276078331137579
C2C-JCB latent,K,6,10,24.0,0.0009163795794734149,0.8692070498607517,6.276078331137579
C2C-JCB latent,K,6,10,25.0,0.0008900147386583512,0.8692070498607517,6.276078331137579
C2C-JCB latent,K,6,10,26.0,0.000904087319739801,0.8692070498607517,6.276078331137579
C2C-JCB latent,K,6,10,27.0,0.0009218874540448499,0.8692070498607517,6.276078331137579
C2C-JCB latent,K,6,10,28.0,0.0008640775827439034,0.8692070498607517,6.276078331137579
C2C-JCB latent,K,6,10,29.0,0.0008040078135206849,0.8692070498607517,6.276078331137579
C2C-JCB latent,K,6,10,30.0,0.0008546739536370746,0.8692070498607517,6.276078331137579
C2C-JCB latent,K,6,10,31.0,0.001338682882238799,0.8692070498607517,6.276078331137579
C2C-JCB latent,K,6,10,32.0,0.002526448006678952,0.8692070498607517,6.276078331137579
C2C-JCB latent,K,6,10,33.0,0.0020608081928975243,0.8692070498607517,6.276078331137579
C2C-JCB latent,K,6,10,34.0,0.0013705104657003623,0.8692070498607517,6.276078331137579
C2C-JCB latent,K,6,10,35.0,0.0009677136089578659,0.8692070498607517,6.276078331137579
C2C-JCB latent,K,6,10,36.0,0.0007953735589740062,0.8692070498607517,6.276078331137579
C2C-JCB latent,K,6,10,37.0,0.0007519588802136924,0.8692070498607517,6.276078331137579
C2C-JCB latent,K,6,10,38.0,0.0007849505237049928,0.8692070498607517,6.276078331137579
C2C-JCB latent,K,6,10,39.0,0.0007972810424772095,0.8692070498607517,6.276078331137579
C2C-JCB latent,K,6,10,40.0,0.0007901747169739793,0.8692070498607517,6.276078331137579
C2C-JCB latent,K,6,10,41.0,0.0007500567842012623,0.8692070498607517,6.276078331137579
C2C-JCB latent,K,6,10,42.0,0.0006721413253234231,0.8692070498607517,6.276078331137579
C2C-JCB latent,K,6,10,43.0,0.0006187791912068978,0.8692070498607517,6.276078331137579
C2C-JCB latent,K,6,10,44.0,0.0006209638354880538,0.8692070498607517,6.276078331137579
C2C-JCB latent,K,6,10,45.0,0.0006446231125693196,0.8692070498607517,6.276078331137579
C2C-JCB latent,K,6,10,46.0,0.000633215910310127,0.8692070498607517,6.276078331137579
C2C-JCB latent,K,6,10,47.0,0.0005699956713917228,0.8692070498607517,6.276078331137579
C2C-JCB latent,K,6,10,48.0,0.0004915918501910713,0.8692070498607517,6.276078331137579
C2C-JCB latent,K,6,10,49.0,0.00044686600408226705,0.8692070498607517,6.276078331137579
C2C-JCB latent,K,6,10,50.0,0.00043886266333004187,0.8692070498607517,6.276078331137579
C2C-JCB latent,K,6,10,51.0,0.00046035608039829906,0.8692070498607517,6.276078331137579
C2C-JCB latent,K,6,10,52.0,0.00045802384126091055,0.8692070498607517,6.276078331137579
C2C-JCB latent,K,6,10,53.0,0.0004294660629048503,0.8692070498607517,6.276078331137579
C2C-JCB latent,K,6,10,54.0,0.000403252264301273,0.8692070498607517,6.276078331137579
C2C-JCB latent,K,6,10,55.0,0.00040697666919697884,0.8692070498607517,6.276078331137579
C2C-JCB latent,K,6,10,56.0,0.00041666696126071664,0.8692070498607517,6.276078331137579
C2C-JCB latent,K,6,10,57.0,0.00042673148402315073,0.8692070498607517,6.276078331137579
C2C-JCB latent,K,6,10,58.0,0.0004189117630079404,0.8692070498607517,6.276078331137579
C2C-JCB latent,K,6,10,59.0,0.0004160269627803363,0.8692070498607517,6.276078331137579
C2C-JCB latent,K,6,10,60.0,0.0004366565501015883,0.8692070498607517,6.276078331137579
C2C-JCB latent,K,6,10,61.0,0.0004617569771477297,0.8692070498607517,6.276078331137579
C2C-JCB latent,K,6,10,62.0,0.00047512445441157087,0.8692070498607517,6.276078331137579
C2C-JCB latent,K,6,10,63.0,0.0004630611774774706,0.8692070498607517,6.276078331137579
C2C-JCB latent,K,6,10,64.0,0.0004499545004682658,0.8692070498607517,6.276078331137579
C2C-JCB latent,K,6,10,65.0,0.0004222828267884895,0.8692070498607517,6.276078331137579
C2C-JCB latent,K,6,10,66.0,0.00040885450622226934,0.8692070498607517,6.276078331137579
C2C-JCB latent,K,6,10,67.0,0.00044038127461789195,0.8692070498607517,6.276078331137579
C2C-JCB latent,K,6,10,68.0,0.0004832798494862805,0.8692070498607517,6.276078331137579
C2C-JCB latent,K,6,10,69.0,0.0004965312298335795,0.8692070498607517,6.276078331137579
C2C-JCB latent,K,6,10,70.0,0.0004617659409319683,0.8692070498607517,6.276078331137579
C2C-JCB latent,K,6,10,71.0,0.00041381660620800145,0.8692070498607517,6.276078331137579
C2C-JCB latent,K,6,10,72.0,0.0003883269520548538,0.8692070498607517,6.276078331137579
C2C-JCB latent,K,6,10,73.0,0.00040782586008504036,0.8692070498607517,6.276078331137579
C2C-JCB latent,K,6,10,74.0,0.00041479263550229476,0.8692070498607517,6.276078331137579
C2C-JCB latent,K,6,10,75.0,0.0004075366803135694,0.8692070498607517,6.276078331137579
C2C-JCB latent,K,6,10,76.0,0.0004257518466454258,0.8692070498607517,6.276078331137579
C2C-JCB latent,K,6,10,77.0,0.0005095339540815758,0.8692070498607517,6.276078331137579
C2C-JCB latent,K,6,10,78.0,0.0006092124084602802,0.8692070498607517,6.276078331137579
C2C-JCB latent,K,6,10,79.0,0.0006382460024829579,0.8692070498607517,6.276078331137579
C2C-JCB latent,K,6,10,80.0,0.0005760221099308176,0.8692070498607517,6.276078331137579
C2C-JCB latent,K,6,10,81.0,0.0004818148410694786,0.8692070498607517,6.276078331137579
C2C-JCB latent,K,6,10,82.0,0.0004404135969514299,0.8692070498607517,6.276078331137579
C2C-JCB latent,K,6,10,83.0,0.0004683853804036177,0.8692070498607517,6.276078331137579
C2C-JCB latent,K,6,10,84.0,0.0005072830329936554,0.8692070498607517,6.276078331137579
C2C-JCB latent,K,6,10,85.0,0.00048772231261864376,0.8692070498607517,6.276078331137579
C2C-JCB latent,K,6,10,86.0,0.00045510412604414784,0.8692070498607517,6.276078331137579
C2C-JCB latent,K,6,10,87.0,0.00048552338770889534,0.8692070498607517,6.276078331137579
C2C-JCB latent,K,6,10,88.0,0.0005504452090883663,0.8692070498607517,6.276078331137579
C2C-JCB latent,K,6,10,89.0,0.0005817331516564655,0.8692070498607517,6.276078331137579
C2C-JCB latent,K,6,10,90.0,0.0005548898508237702,0.8692070498607517,6.276078331137579
C2C-JCB latent,K,6,10,91.0,0.0004913471131200702,0.8692070498607517,6.276078331137579
C2C-JCB latent,K,6,10,92.0,0.00045501725609142286,0.8692070498607517,6.276078331137579
C2C-JCB latent,K,6,10,93.0,0.00047050467222135265,0.8692070498607517,6.276078331137579
C2C-JCB latent,K,6,10,94.0,0.0004763454792009725,0.8692070498607517,6.276078331137579
C2C-JCB latent,K,6,10,95.0,0.00044110729303241646,0.8692070498607517,6.276078331137579
C2C-JCB latent,K,6,10,96.0,0.00039595561184910407,0.8692070498607517,6.276078331137579
C2C-JCB latent,K,6,10,97.0,0.00043917736401425587,0.8692070498607517,6.276078331137579
C2C-JCB latent,K,6,10,98.0,0.0005092797277484354,0.8692070498607517,6.276078331137579
C2C-JCB latent,K,6,10,99.0,0.0005402497952576367,0.8692070498607517,6.276078331137579
C2C-JCB latent,K,6,10,100.0,0.0005139829603137969,0.8692070498607517,6.276078331137579
C2C-JCB latent,K,12,16,0.0,0.5357932550832629,0.8913793730071734,5.012096528541168
C2C-JCB latent,K,12,16,1.0,0.10667700657994832,0.8913793730071734,5.012096528541168
C2C-JCB latent,K,12,16,2.0,0.01968814571046096,0.8913793730071734,5.012096528541168
C2C-JCB latent,K,12,16,3.0,0.008252298819261343,0.8913793730071734,5.012096528541168
C2C-JCB latent,K,12,16,4.0,0.0051884039954711615,0.8913793730071734,5.012096528541168
C2C-JCB latent,K,12,16,5.0,0.004855667845504291,0.8913793730071734,5.012096528541168
C2C-JCB latent,K,12,16,6.0,0.00470177502911611,0.8913793730071734,5.012096528541168
C2C-JCB latent,K,12,16,7.0,0.004108513386051985,0.8913793730071734,5.012096528541168
C2C-JCB latent,K,12,16,8.0,0.00366361954948843,0.8913793730071734,5.012096528541168
C2C-JCB latent,K,12,16,9.0,0.003994391104697568,0.8913793730071734,5.012096528541168
C2C-JCB latent,K,12,16,10.0,0.00330245739125985,0.8913793730071734,5.012096528541168
C2C-JCB latent,K,12,16,11.0,0.002672309282436345,0.8913793730071734,5.012096528541168
C2C-JCB latent,K,12,16,12.0,0.0023445559218998836,0.8913793730071734,5.012096528541168
C2C-JCB latent,K,12,16,13.0,0.002450111992770872,0.8913793730071734,5.012096528541168
C2C-JCB latent,K,12,16,14.0,0.0022568361369144445,0.8913793730071734,5.012096528541168
C2C-JCB latent,K,12,16,15.0,0.001886452589644706,0.8913793730071734,5.012096528541168
C2C-JCB latent,K,12,16,16.0,0.0016852075244833027,0.8913793730071734,5.012096528541168
C2C-JCB latent,K,12,16,17.0,0.0015914851917034419,0.8913793730071734,5.012096528541168
C2C-JCB latent,K,12,16,18.0,0.0015526442364671308,0.8913793730071734,5.012096528541168
C2C-JCB latent,K,12,16,19.0,0.0017127129763900928,0.8913793730071734,5.012096528541168
C2C-JCB latent,K,12,16,20.0,0.0024341595126770713,0.8913793730071734,5.012096528541168
C2C-JCB latent,K,12,16,21.0,0.0035473202046273425,0.8913793730071734,5.012096528541168
C2C-JCB latent,K,12,16,22.0,0.0024538055473635714,0.8913793730071734,5.012096528541168
C2C-JCB latent,K,12,16,23.0,0.0016555593162775038,0.8913793730071734,5.012096528541168
C2C-JCB latent,K,12,16,24.0,0.0012603809352458488,0.8913793730071734,5.012096528541168
C2C-JCB latent,K,12,16,25.0,0.0010674649613946485,0.8913793730071734,5.012096528541168
C2C-JCB latent,K,12,16,26.0,0.0009961616369048448,0.8913793730071734,5.012096528541168
C2C-JCB latent,K,12,16,27.0,0.0010453457427450994,0.8913793730071734,5.012096528541168
C2C-JCB latent,K,12,16,28.0,0.0011463324965779978,0.8913793730071734,5.012096528541168
C2C-JCB latent,K,12,16,29.0,0.0012494658290870566,0.8913793730071734,5.012096528541168
C2C-JCB latent,K,12,16,30.0,0.0013463771790100047,0.8913793730071734,5.012096528541168
C2C-JCB latent,K,12,16,31.0,0.0015585510074026842,0.8913793730071734,5.012096528541168
C2C-JCB latent,K,12,16,32.0,0.002154377271790509,0.8913793730071734,5.012096528541168
C2C-JCB latent,K,12,16,33.0,0.0019425769046881667,0.8913793730071734,5.012096528541168
C2C-JCB latent,K,12,16,34.0,0.0015150475049085792,0.8913793730071734,5.012096528541168
C2C-JCB latent,K,12,16,35.0,0.0012316209559116939,0.8913793730071734,5.012096528541168
C2C-JCB latent,K,12,16,36.0,0.0010750247381588452,0.8913793730071734,5.012096528541168
C2C-JCB latent,K,12,16,37.0,0.001021392550795781,0.8913793730071734,5.012096528541168
C2C-JCB latent,K,12,16,38.0,0.0009988574643750785,0.8913793730071734,5.012096528541168
C2C-JCB latent,K,12,16,39.0,0.001002527822395222,0.8913793730071734,5.012096528541168
C2C-JCB latent,K,12,16,40.0,0.0009785411958887376,0.8913793730071734,5.012096528541168
C2C-JCB latent,K,12,16,41.0,0.0009089662024257444,0.8913793730071734,5.012096528541168
C2C-JCB latent,K,12,16,42.0,0.000840615471134924,0.8913793730071734,5.012096528541168
C2C-JCB latent,K,12,16,43.0,0.0008135796705732909,0.8913793730071734,5.012096528541168
C2C-JCB latent,K,12,16,44.0,0.0007919073031985135,0.8913793730071734,5.012096528541168
C2C-JCB latent,K,12,16,45.0,0.0008050042277432107,0.8913793730071734,5.012096528541168
C2C-JCB latent,K,12,16,46.0,0.0008022532754188205,0.8913793730071734,5.012096528541168
C2C-JCB latent,K,12,16,47.0,0.0007821355712113135,0.8913793730071734,5.012096528541168
C2C-JCB latent,K,12,16,48.0,0.0007691336110224258,0.8913793730071734,5.012096528541168
C2C-JCB latent,K,12,16,49.0,0.0007646253722879235,0.8913793730071734,5.012096528541168
C2C-JCB latent,K,12,16,50.0,0.0007533311956535726,0.8913793730071734,5.012096528541168
C2C-JCB latent,K,12,16,51.0,0.0007047486148263718,0.8913793730071734,5.012096528541168
C2C-JCB latent,K,12,16,52.0,0.0006608920238249991,0.8913793730071734,5.012096528541168
C2C-JCB latent,K,12,16,53.0,0.0006513071936700496,0.8913793730071734,5.012096528541168
C2C-JCB latent,K,12,16,54.0,0.0006568007978080465,0.8913793730071734,5.012096528541168
C2C-JCB latent,K,12,16,55.0,0.0006560511291695541,0.8913793730071734,5.012096528541168
C2C-JCB latent,K,12,16,56.0,0.0006425499923693676,0.8913793730071734,5.012096528541168
C2C-JCB latent,K,12,16,57.0,0.0006203936998795701,0.8913793730071734,5.012096528541168
C2C-JCB latent,K,12,16,58.0,0.0006059009974489985,0.8913793730071734,5.012096528541168
C2C-JCB latent,K,12,16,59.0,0.0005899872758442365,0.8913793730071734,5.012096528541168
C2C-JCB latent,K,12,16,60.0,0.0005546581053010867,0.8913793730071734,5.012096528541168
C2C-JCB latent,K,12,16,61.0,0.0005396037146314824,0.8913793730071734,5.012096528541168
C2C-JCB latent,K,12,16,62.0,0.0005318252292488523,0.8913793730071734,5.012096528541168
C2C-JCB latent,K,12,16,63.0,0.0005219349268574549,0.8913793730071734,5.012096528541168
C2C-JCB latent,K,12,16,64.0,0.0005147844868599799,0.8913793730071734,5.012096528541168
C2C-JCB latent,K,12,16,65.0,0.0005190302781684865,0.8913793730071734,5.012096528541168
C2C-JCB latent,K,12,16,66.0,0.0005422099917535662,0.8913793730071734,5.012096528541168
C2C-JCB latent,K,12,16,67.0,0.0005568247855597976,0.8913793730071734,5.012096528541168
C2C-JCB latent,K,12,16,68.0,0.0005889702413446689,0.8913793730071734,5.012096528541168
C2C-JCB latent,K,12,16,69.0,0.0005725244438983164,0.8913793730071734,5.012096528541168
C2C-JCB latent,K,12,16,70.0,0.0005250238742604549,0.8913793730071734,5.012096528541168
C2C-JCB latent,K,12,16,71.0,0.00048332181004127526,0.8913793730071734,5.012096528541168
C2C-JCB latent,K,12,16,72.0,0.0004746909494110695,0.8913793730071734,5.012096528541168
C2C-JCB latent,K,12,16,73.0,0.0004931420439768886,0.8913793730071734,5.012096528541168
C2C-JCB latent,K,12,16,74.0,0.000521597276336934,0.8913793730071734,5.012096528541168
C2C-JCB latent,K,12,16,75.0,0.0005257946174452854,0.8913793730071734,5.012096528541168
C2C-JCB latent,K,12,16,76.0,0.0005490962693670557,0.8913793730071734,5.012096528541168
C2C-JCB latent,K,12,16,77.0,0.0006110426477351897,0.8913793730071734,5.012096528541168
C2C-JCB latent,K,12,16,78.0,0.0006704490850574991,0.8913793730071734,5.012096528541168
C2C-JCB latent,K,12,16,79.0,0.0007131108561134176,0.8913793730071734,5.012096528541168
C2C-JCB latent,K,12,16,80.0,0.0007073007987685284,0.8913793730071734,5.012096528541168
C2C-JCB latent,K,12,16,81.0,0.0006466045454226328,0.8913793730071734,5.012096528541168
C2C-JCB latent,K,12,16,82.0,0.0005847150389956815,0.8913793730071734,5.012096528541168
C2C-JCB latent,K,12,16,83.0,0.0005554379278066786,0.8913793730071734,5.012096528541168
C2C-JCB latent,K,12,16,84.0,0.0005420262801612808,0.8913793730071734,5.012096528541168
C2C-JCB latent,K,12,16,85.0,0.0005374544973790308,0.8913793730071734,5.012096528541168
C2C-JCB latent,K,12,16,86.0,0.000548341966822363,0.8913793730071734,5.012096528541168
C2C-JCB latent,K,12,16,87.0,0.0005844375476374351,0.8913793730071734,5.012096528541168
C2C-JCB latent,K,12,16,88.0,0.0006146165325139914,0.8913793730071734,5.012096528541168
C2C-JCB latent,K,12,16,89.0,0.0006031449612532929,0.8913793730071734,5.012096528541168
C2C-JCB latent,K,12,16,90.0,0.0005501554768699179,0.8913793730071734,5.012096528541168
C2C-JCB latent,K,12,16,91.0,0.00048406467826026743,0.8913793730071734,5.012096528541168
C2C-JCB latent,K,12,16,92.0,0.00045291044801047035,0.8913793730071734,5.012096528541168
C2C-JCB latent,K,12,16,93.0,0.00046173331244716545,0.8913793730071734,5.012096528541168
C2C-JCB latent,K,12,16,94.0,0.0004600176009887489,0.8913793730071734,5.012096528541168
C2C-JCB latent,K,12,16,95.0,0.0004290209819558302,0.8913793730071734,5.012096528541168
C2C-JCB latent,K,12,16,96.0,0.00038033353437072,0.8913793730071734,5.012096528541168
C2C-JCB latent,K,12,16,97.0,0.00036982140307827664,0.8913793730071734,5.012096528541168
C2C-JCB latent,K,12,16,98.0,0.0003779268587692289,0.8913793730071734,5.012096528541168
C2C-JCB latent,K,12,16,99.0,0.00038592692388533545,0.8913793730071734,5.012096528541168
C2C-JCB latent,K,12,16,100.0,0.0003882170750557634,0.8913793730071734,5.012096528541168
C2C-JCB latent,K,18,22,0.0,0.445824852475198,0.8605365232177543,6.430250751356538
C2C-JCB latent,K,18,22,1.0,0.08371325622864781,0.8605365232177543,6.430250751356538
C2C-JCB latent,K,18,22,2.0,0.013924004730233712,0.8605365232177543,6.430250751356538
C2C-JCB latent,K,18,22,3.0,0.007099305600111162,0.8605365232177543,6.430250751356538
C2C-JCB latent,K,18,22,4.0,0.005263305502876395,0.8605365232177543,6.430250751356538
C2C-JCB latent,K,18,22,5.0,0.004276160945369155,0.8605365232177543,6.430250751356538
C2C-JCB latent,K,18,22,6.0,0.004124987456275449,0.8605365232177543,6.430250751356538
C2C-JCB latent,K,18,22,7.0,0.003865776258332969,0.8605365232177543,6.430250751356538
C2C-JCB latent,K,18,22,8.0,0.004472816392462845,0.8605365232177543,6.430250751356538
C2C-JCB latent,K,18,22,9.0,0.00488922801542003,0.8605365232177543,6.430250751356538
C2C-JCB latent,K,18,22,10.0,0.0032996005910490593,0.8605365232177543,6.430250751356538
C2C-JCB latent,K,18,22,11.0,0.0025254214957226412,0.8605365232177543,6.430250751356538
C2C-JCB latent,K,18,22,12.0,0.0023353760703002996,0.8605365232177543,6.430250751356538
C2C-JCB latent,K,18,22,13.0,0.002682602967506679,0.8605365232177543,6.430250751356538
C2C-JCB latent,K,18,22,14.0,0.0027219411136388785,0.8605365232177543,6.430250751356538
C2C-JCB latent,K,18,22,15.0,0.001946507007806985,0.8605365232177543,6.430250751356538
C2C-JCB latent,K,18,22,16.0,0.0015171156708629484,0.8605365232177543,6.430250751356538
C2C-JCB latent,K,18,22,17.0,0.0015329041045231398,0.8605365232177543,6.430250751356538
C2C-JCB latent,K,18,22,18.0,0.0016962549761615272,0.8605365232177543,6.430250751356538
C2C-JCB latent,K,18,22,19.0,0.0019305594064780978,0.8605365232177543,6.430250751356538
C2C-JCB latent,K,18,22,20.0,0.0024155456747848806,0.8605365232177543,6.430250751356538
C2C-JCB latent,K,18,22,21.0,0.0032273674504040167,0.8605365232177543,6.430250751356538
C2C-JCB latent,K,18,22,22.0,0.002437835120015281,0.8605365232177543,6.430250751356538
C2C-JCB latent,K,18,22,23.0,0.0020079715390920686,0.8605365232177543,6.430250751356538
C2C-JCB latent,K,18,22,24.0,0.0018125415228723825,0.8605365232177543,6.430250751356538
C2C-JCB latent,K,18,22,25.0,0.0016362361283484006,0.8605365232177543,6.430250751356538
C2C-JCB latent,K,18,22,26.0,0.001458835428172734,0.8605365232177543,6.430250751356538
C2C-JCB latent,K,18,22,27.0,0.0013931251637075083,0.8605365232177543,6.430250751356538
C2C-JCB latent,K,18,22,28.0,0.0013738006765788662,0.8605365232177543,6.430250751356538
C2C-JCB latent,K,18,22,29.0,0.0013643294917949332,0.8605365232177543,6.430250751356538
C2C-JCB latent,K,18,22,30.0,0.0014535382184931232,0.8605365232177543,6.430250751356538
C2C-JCB latent,K,18,22,31.0,0.0018725835216082483,0.8605365232177543,6.430250751356538
C2C-JCB latent,K,18,22,32.0,0.002322888219887317,0.8605365232177543,6.430250751356538
C2C-JCB latent,K,18,22,33.0,0.0015566734669948787,0.8605365232177543,6.430250751356538
C2C-JCB latent,K,18,22,34.0,0.0012591652523747127,0.8605365232177543,6.430250751356538
C2C-JCB latent,K,18,22,35.0,0.0012314300054072184,0.8605365232177543,6.430250751356538
C2C-JCB latent,K,18,22,36.0,0.0012468503438913094,0.8605365232177543,6.430250751356538
C2C-JCB latent,K,18,22,37.0,0.0012958496788047565,0.8605365232177543,6.430250751356538
C2C-JCB latent,K,18,22,38.0,0.001238551121937236,0.8605365232177543,6.430250751356538
C2C-JCB latent,K,18,22,39.0,0.001121276051522954,0.8605365232177543,6.430250751356538
C2C-JCB latent,K,18,22,40.0,0.0010332026697597028,0.8605365232177543,6.430250751356538
C2C-JCB latent,K,18,22,41.0,0.0009778751879798617,0.8605365232177543,6.430250751356538
C2C-JCB latent,K,18,22,42.0,0.0008772850874197509,0.8605365232177543,6.430250751356538
C2C-JCB latent,K,18,22,43.0,0.0008382944552198517,0.8605365232177543,6.430250751356538
C2C-JCB latent,K,18,22,44.0,0.0008524548676950876,0.8605365232177543,6.430250751356538
C2C-JCB latent,K,18,22,45.0,0.0009214540231624825,0.8605365232177543,6.430250751356538
C2C-JCB latent,K,18,22,46.0,0.0009523566070959076,0.8605365232177543,6.430250751356538
C2C-JCB latent,K,18,22,47.0,0.0009342517951995427,0.8605365232177543,6.430250751356538
C2C-JCB latent,K,18,22,48.0,0.000874435469268064,0.8605365232177543,6.430250751356538
C2C-JCB latent,K,18,22,49.0,0.0008514846745407566,0.8605365232177543,6.430250751356538
C2C-JCB latent,K,18,22,50.0,0.0008517136583634511,0.8605365232177543,6.430250751356538
C2C-JCB latent,K,18,22,51.0,0.0009213582357216401,0.8605365232177543,6.430250751356538
C2C-JCB latent,K,18,22,52.0,0.0009091093569236359,0.8605365232177543,6.430250751356538
C2C-JCB latent,K,18,22,53.0,0.0008822261448409563,0.8605365232177543,6.430250751356538
C2C-JCB latent,K,18,22,54.0,0.0008112783955982641,0.8605365232177543,6.430250751356538
C2C-JCB latent,K,18,22,55.0,0.0007813160532293755,0.8605365232177543,6.430250751356538
C2C-JCB latent,K,18,22,56.0,0.0007609891957940816,0.8605365232177543,6.430250751356538
C2C-JCB latent,K,18,22,57.0,0.0007344342683529704,0.8605365232177543,6.430250751356538
C2C-JCB latent,K,18,22,58.0,0.0007063878356279929,0.8605365232177543,6.430250751356538
C2C-JCB latent,K,18,22,59.0,0.0006681958665541285,0.8605365232177543,6.430250751356538
C2C-JCB latent,K,18,22,60.0,0.0006242808574825172,0.8605365232177543,6.430250751356538
C2C-JCB latent,K,18,22,61.0,0.0005959980668467316,0.8605365232177543,6.430250751356538
C2C-JCB latent,K,18,22,62.0,0.0005944026767451757,0.8605365232177543,6.430250751356538
C2C-JCB latent,K,18,22,63.0,0.0006027132814119792,0.8605365232177543,6.430250751356538
C2C-JCB latent,K,18,22,64.0,0.0006116970495338597,0.8605365232177543,6.430250751356538
C2C-JCB latent,K,18,22,65.0,0.0006315570117976667,0.8605365232177543,6.430250751356538
C2C-JCB latent,K,18,22,66.0,0.0006449127146356663,0.8605365232177543,6.430250751356538
C2C-JCB latent,K,18,22,67.0,0.0006563858580642543,0.8605365232177543,6.430250751356538
C2C-JCB latent,K,18,22,68.0,0.000656974331584479,0.8605365232177543,6.430250751356538
C2C-JCB latent,K,18,22,69.0,0.0006190191973942653,0.8605365232177543,6.430250751356538
C2C-JCB latent,K,18,22,70.0,0.0005738610399305342,0.8605365232177543,6.430250751356538
C2C-JCB latent,K,18,22,71.0,0.0005800710818607506,0.8605365232177543,6.430250751356538
C2C-JCB latent,K,18,22,72.0,0.0005988784091550773,0.8605365232177543,6.430250751356538
C2C-JCB latent,K,18,22,73.0,0.000616797918849557,0.8605365232177543,6.430250751356538
C2C-JCB latent,K,18,22,74.0,0.0006144577074792319,0.8605365232177543,6.430250751356538
C2C-JCB latent,K,18,22,75.0,0.000596642356399002,0.8605365232177543,6.430250751356538
C2C-JCB latent,K,18,22,76.0,0.0006265230729650284,0.8605365232177543,6.430250751356538
C2C-JCB latent,K,18,22,77.0,0.0006669030867357143,0.8605365232177543,6.430250751356538
C2C-JCB latent,K,18,22,78.0,0.0006817674210662978,0.8605365232177543,6.430250751356538
C2C-JCB latent,K,18,22,79.0,0.0006770205475334026,0.8605365232177543,6.430250751356538
C2C-JCB latent,K,18,22,80.0,0.0006758805589754496,0.8605365232177543,6.430250751356538
C2C-JCB latent,K,18,22,81.0,0.0006638554371937739,0.8605365232177543,6.430250751356538
C2C-JCB latent,K,18,22,82.0,0.0006425957547605777,0.8605365232177543,6.430250751356538
C2C-JCB latent,K,18,22,83.0,0.0006182749658151463,0.8605365232177543,6.430250751356538
C2C-JCB latent,K,18,22,84.0,0.0005773043207489078,0.8605365232177543,6.430250751356538
C2C-JCB latent,K,18,22,85.0,0.0005580040682914956,0.8605365232177543,6.430250751356538
C2C-JCB latent,K,18,22,86.0,0.000563133934543316,0.8605365232177543,6.430250751356538
C2C-JCB latent,K,18,22,87.0,0.0005693251985491089,0.8605365232177543,6.430250751356538
C2C-JCB latent,K,18,22,88.0,0.0005577159909944374,0.8605365232177543,6.430250751356538
C2C-JCB latent,K,18,22,89.0,0.0005423319479689317,0.8605365232177543,6.430250751356538
C2C-JCB latent,K,18,22,90.0,0.0005309113695489034,0.8605365232177543,6.430250751356538
C2C-JCB latent,K,18,22,91.0,0.0005592968186459765,0.8605365232177543,6.430250751356538
C2C-JCB latent,K,18,22,92.0,0.0005768171157978946,0.8605365232177543,6.430250751356538
C2C-JCB latent,K,18,22,93.0,0.0005796977924197219,0.8605365232177543,6.430250751356538
C2C-JCB latent,K,18,22,94.0,0.0005716922728589676,0.8605365232177543,6.430250751356538
C2C-JCB latent,K,18,22,95.0,0.000537641346228668,0.8605365232177543,6.430250751356538
C2C-JCB latent,K,18,22,96.0,0.0005224017340322004,0.8605365232177543,6.430250751356538
C2C-JCB latent,K,18,22,97.0,0.0005227018519772743,0.8605365232177543,6.430250751356538
C2C-JCB latent,K,18,22,98.0,0.0005147615004818817,0.8605365232177543,6.430250751356538
C2C-JCB latent,K,18,22,99.0,0.0005028017621009441,0.8605365232177543,6.430250751356538
C2C-JCB latent,K,18,22,100.0,0.0005070143515411019,0.8605365232177543,6.430250751356538
C2C-JCB latent,K,23,27,0.0,0.4525984459905885,0.7593734683911685,12.775039549982669
C2C-JCB latent,K,23,27,1.0,0.08439912323352482,0.7593734683911685,12.775039549982669
C2C-JCB latent,K,23,27,2.0,0.01048145587890303,0.7593734683911685,12.775039549982669
C2C-JCB latent,K,23,27,3.0,0.004401755846436117,0.7593734683911685,12.775039549982669
C2C-JCB latent,K,23,27,4.0,0.0036048444425250616,0.7593734683911685,12.775039549982669
C2C-JCB latent,K,23,27,5.0,0.00355499239456094,0.7593734683911685,12.775039549982669
C2C-JCB latent,K,23,27,6.0,0.0035638446024040607,0.7593734683911685,12.775039549982669
C2C-JCB latent,K,23,27,7.0,0.003259662442894749,0.7593734683911685,12.775039549982669
C2C-JCB latent,K,23,27,8.0,0.003005749092399127,0.7593734683911685,12.775039549982669
C2C-JCB latent,K,23,27,9.0,0.002904001069971401,0.7593734683911685,12.775039549982669
C2C-JCB latent,K,23,27,10.0,0.0030274566209300244,0.7593734683911685,12.775039549982669
C2C-JCB latent,K,23,27,11.0,0.002979583299747899,0.7593734683911685,12.775039549982669
C2C-JCB latent,K,23,27,12.0,0.002790979362016517,0.7593734683911685,12.775039549982669
C2C-JCB latent,K,23,27,13.0,0.002998231659333894,0.7593734683911685,12.775039549982669
C2C-JCB latent,K,23,27,14.0,0.0032591399810712562,0.7593734683911685,12.775039549982669
C2C-JCB latent,K,23,27,15.0,0.0030032516116762034,0.7593734683911685,12.775039549982669
C2C-JCB latent,K,23,27,16.0,0.0027562326749830377,0.7593734683911685,12.775039549982669
C2C-JCB latent,K,23,27,17.0,0.0025539069768387886,0.7593734683911685,12.775039549982669
C2C-JCB latent,K,23,27,18.0,0.0024722722579781486,0.7593734683911685,12.775039549982669
C2C-JCB latent,K,23,27,19.0,0.0025298474965438802,0.7593734683911685,12.775039549982669
C2C-JCB latent,K,23,27,20.0,0.0026572417714078225,0.7593734683911685,12.775039549982669
C2C-JCB latent,K,23,27,21.0,0.002586547300654729,0.7593734683911685,12.775039549982669
C2C-JCB latent,K,23,27,22.0,0.0023214596546563366,0.7593734683911685,12.775039549982669
C2C-JCB latent,K,23,27,23.0,0.002248193791635914,0.7593734683911685,12.775039549982669
C2C-JCB latent,K,23,27,24.0,0.0022628558706128377,0.7593734683911685,12.775039549982669
C2C-JCB latent,K,23,27,25.0,0.0023414627787303743,0.7593734683911685,12.775039549982669
C2C-JCB latent,K,23,27,26.0,0.002385151601131384,0.7593734683911685,12.775039549982669
C2C-JCB latent,K,23,27,27.0,0.0023413177524321317,0.7593734683911685,12.775039549982669
C2C-JCB latent,K,23,27,28.0,0.0022178254087975796,0.7593734683911685,12.775039549982669
C2C-JCB latent,K,23,27,29.0,0.0021201398234893527,0.7593734683911685,12.775039549982669
C2C-JCB latent,K,23,27,30.0,0.002053923304504224,0.7593734683911685,12.775039549982669
C2C-JCB latent,K,23,27,31.0,0.0020706700661014565,0.7593734683911685,12.775039549982669
C2C-JCB latent,K,23,27,32.0,0.0022126379050723686,0.7593734683911685,12.775039549982669
C2C-JCB latent,K,23,27,33.0,0.0019853892314097257,0.7593734683911685,12.775039549982669
C2C-JCB latent,K,23,27,34.0,0.0020532481301302166,0.7593734683911685,12.775039549982669
C2C-JCB latent,K,23,27,35.0,0.002263742632362665,0.7593734683911685,12.775039549982669
C2C-JCB latent,K,23,27,36.0,0.002458974757623764,0.7593734683911685,12.775039549982669
C2C-JCB latent,K,23,27,37.0,0.0025038295572016966,0.7593734683911685,12.775039549982669
C2C-JCB latent,K,23,27,38.0,0.002235484670331972,0.7593734683911685,12.775039549982669
C2C-JCB latent,K,23,27,39.0,0.002099551597981417,0.7593734683911685,12.775039549982669
C2C-JCB latent,K,23,27,40.0,0.002228381372833609,0.7593734683911685,12.775039549982669
C2C-JCB latent,K,23,27,41.0,0.0023493960398616297,0.7593734683911685,12.775039549982669
C2C-JCB latent,K,23,27,42.0,0.002328944968378437,0.7593734683911685,12.775039549982669
C2C-JCB latent,K,23,27,43.0,0.002087397336908906,0.7593734683911685,12.775039549982669
C2C-JCB latent,K,23,27,44.0,0.001915449345356136,0.7593734683911685,12.775039549982669
C2C-JCB latent,K,23,27,45.0,0.0019846327475931966,0.7593734683911685,12.775039549982669
C2C-JCB latent,K,23,27,46.0,0.00206955648359326,0.7593734683911685,12.775039549982669
C2C-JCB latent,K,23,27,47.0,0.0019796954966932383,0.7593734683911685,12.775039549982669
C2C-JCB latent,K,23,27,48.0,0.0018637281330984496,0.7593734683911685,12.775039549982669
C2C-JCB latent,K,23,27,49.0,0.001852256164723941,0.7593734683911685,12.775039549982669
C2C-JCB latent,K,23,27,50.0,0.001973064276512559,0.7593734683911685,12.775039549982669
C2C-JCB latent,K,23,27,51.0,0.0021800592585861952,0.7593734683911685,12.775039549982669
C2C-JCB latent,K,23,27,52.0,0.002177902282105605,0.7593734683911685,12.775039549982669
C2C-JCB latent,K,23,27,53.0,0.0020149190479344277,0.7593734683911685,12.775039549982669
C2C-JCB latent,K,23,27,54.0,0.0018201343790678938,0.7593734683911685,12.775039549982669
C2C-JCB latent,K,23,27,55.0,0.0017226665526209224,0.7593734683911685,12.775039549982669
C2C-JCB latent,K,23,27,56.0,0.0017363611869359375,0.7593734683911685,12.775039549982669
C2C-JCB latent,K,23,27,57.0,0.0017445932335579063,0.7593734683911685,12.775039549982669
C2C-JCB latent,K,23,27,58.0,0.0016860803067083924,0.7593734683911685,12.775039549982669
C2C-JCB latent,K,23,27,59.0,0.0016477352722012021,0.7593734683911685,12.775039549982669
C2C-JCB latent,K,23,27,60.0,0.0016097160037475066,0.7593734683911685,12.775039549982669
C2C-JCB latent,K,23,27,61.0,0.0017278853635048078,0.7593734683911685,12.775039549982669
C2C-JCB latent,K,23,27,62.0,0.0018073730452488241,0.7593734683911685,12.775039549982669
C2C-JCB latent,K,23,27,63.0,0.0018405522141233628,0.7593734683911685,12.775039549982669
C2C-JCB latent,K,23,27,64.0,0.001713054781662321,0.7593734683911685,12.775039549982669
C2C-JCB latent,K,23,27,65.0,0.0016685453036188846,0.7593734683911685,12.775039549982669
C2C-JCB latent,K,23,27,66.0,0.0016046090866416297,0.7593734683911685,12.775039549982669
C2C-JCB latent,K,23,27,67.0,0.001592896592001124,0.7593734683911685,12.775039549982669
C2C-JCB latent,K,23,27,68.0,0.0016651856224780234,0.7593734683911685,12.775039549982669
C2C-JCB latent,K,23,27,69.0,0.0017824784274830566,0.7593734683911685,12.775039549982669
C2C-JCB latent,K,23,27,70.0,0.0018283343064354077,0.7593734683911685,12.775039549982669
C2C-JCB latent,K,23,27,71.0,0.0017948630180023898,0.7593734683911685,12.775039549982669
C2C-JCB latent,K,23,27,72.0,0.0017434847075992372,0.7593734683911685,12.775039549982669
C2C-JCB latent,K,23,27,73.0,0.0017310539273614727,0.7593734683911685,12.775039549982669
C2C-JCB latent,K,23,27,74.0,0.0017492775250229902,0.7593734683911685,12.775039549982669
C2C-JCB latent,K,23,27,75.0,0.0017582778197038351,0.7593734683911685,12.775039549982669
C2C-JCB latent,K,23,27,76.0,0.0018609850774510064,0.7593734683911685,12.775039549982669
C2C-JCB latent,K,23,27,77.0,0.002070737243785741,0.7593734683911685,12.775039549982669
C2C-JCB latent,K,23,27,78.0,0.0021448085882184416,0.7593734683911685,12.775039549982669
C2C-JCB latent,K,23,27,79.0,0.002091522104205977,0.7593734683911685,12.775039549982669
C2C-JCB latent,K,23,27,80.0,0.0018873251969694115,0.7593734683911685,12.775039549982669
C2C-JCB latent,K,23,27,81.0,0.001638332900398042,0.7593734683911685,12.775039549982669
C2C-JCB latent,K,23,27,82.0,0.001491053133864851,0.7593734683911685,12.775039549982669
C2C-JCB latent,K,23,27,83.0,0.0015194542346574735,0.7593734683911685,12.775039549982669
C2C-JCB latent,K,23,27,84.0,0.0016053225967789327,0.7593734683911685,12.775039549982669
C2C-JCB latent,K,23,27,85.0,0.0016727087135052438,0.7593734683911685,12.775039549982669
C2C-JCB latent,K,23,27,86.0,0.001796182474313353,0.7593734683911685,12.775039549982669
C2C-JCB latent,K,23,27,87.0,0.0019529155529357926,0.7593734683911685,12.775039549982669
C2C-JCB latent,K,23,27,88.0,0.002030746898567485,0.7593734683911685,12.775039549982669
C2C-JCB latent,K,23,27,89.0,0.0019220381292700483,0.7593734683911685,12.775039549982669
C2C-JCB latent,K,23,27,90.0,0.0017605888037792296,0.7593734683911685,12.775039549982669
C2C-JCB latent,K,23,27,91.0,0.0016637176487131467,0.7593734683911685,12.775039549982669
C2C-JCB latent,K,23,27,92.0,0.0017040070350094554,0.7593734683911685,12.775039549982669
C2C-JCB latent,K,23,27,93.0,0.0018775989751736698,0.7593734683911685,12.775039549982669
C2C-JCB latent,K,23,27,94.0,0.001909382452042792,0.7593734683911685,12.775039549982669
C2C-JCB latent,K,23,27,95.0,0.0017738440035941514,0.7593734683911685,12.775039549982669
C2C-JCB latent,K,23,27,96.0,0.0016288449551848311,0.7593734683911685,12.775039549982669
C2C-JCB latent,K,23,27,97.0,0.0015817900212334707,0.7593734683911685,12.775039549982669
C2C-JCB latent,K,23,27,98.0,0.0015713200048344345,0.7593734683911685,12.775039549982669
C2C-JCB latent,K,23,27,99.0,0.0016036468715117267,0.7593734683911685,12.775039549982669
C2C-JCB latent,K,23,27,100.0,0.0016377120854258465,0.7593734683911685,12.775039549982669
C2C-JCB latent,V,0,4,0.0,130.32739327847958,0.9782804997919978,0.8696164187715005
C2C-JCB latent,V,0,4,1.0,24.08257181179361,0.9782804997919978,0.8696164187715005
C2C-JCB latent,V,0,4,2.0,1.4618971998680343,0.9782804997919978,0.8696164187715005
C2C-JCB latent,V,0,4,3.0,0.047859908321331676,0.9782804997919978,0.8696164187715005
C2C-JCB latent,V,0,4,4.0,0.04503766006939257,0.9782804997919978,0.8696164187715005
C2C-JCB latent,V,0,4,5.0,0.03685697876705943,0.9782804997919978,0.8696164187715005
C2C-JCB latent,V,0,4,6.0,0.03691670721631003,0.9782804997919978,0.8696164187715005
C2C-JCB latent,V,0,4,7.0,0.02389836608489076,0.9782804997919978,0.8696164187715005
C2C-JCB latent,V,0,4,8.0,0.031822233746124785,0.9782804997919978,0.8696164187715005
C2C-JCB latent,V,0,4,9.0,0.05160834068121405,0.9782804997919978,0.8696164187715005
C2C-JCB latent,V,0,4,10.0,0.02751467803466313,0.9782804997919978,0.8696164187715005
C2C-JCB latent,V,0,4,11.0,0.019330070294408874,0.9782804997919978,0.8696164187715005
C2C-JCB latent,V,0,4,12.0,0.01733497265761798,0.9782804997919978,0.8696164187715005
C2C-JCB latent,V,0,4,13.0,0.03363972139873571,0.9782804997919978,0.8696164187715005
C2C-JCB latent,V,0,4,14.0,0.04397699417204874,0.9782804997919978,0.8696164187715005
C2C-JCB latent,V,0,4,15.0,0.023187785171103297,0.9782804997919978,0.8696164187715005
C2C-JCB latent,V,0,4,16.0,0.012903800164754104,0.9782804997919978,0.8696164187715005
C2C-JCB latent,V,0,4,17.0,0.010857192216230944,0.9782804997919978,0.8696164187715005
C2C-JCB latent,V,0,4,18.0,0.01684516355428512,0.9782804997919978,0.8696164187715005
C2C-JCB latent,V,0,4,19.0,0.03913966376583178,0.9782804997919978,0.8696164187715005
C2C-JCB latent,V,0,4,20.0,0.0924081493768882,0.9782804997919978,0.8696164187715005
C2C-JCB latent,V,0,4,21.0,0.13314211639304635,0.9782804997919978,0.8696164187715005
C2C-JCB latent,V,0,4,22.0,0.07517849688316805,0.9782804997919978,0.8696164187715005
C2C-JCB latent,V,0,4,23.0,0.03837197477164861,0.9782804997919978,0.8696164187715005
C2C-JCB latent,V,0,4,24.0,0.021139168511181215,0.9782804997919978,0.8696164187715005
C2C-JCB latent,V,0,4,25.0,0.01766104901000176,0.9782804997919978,0.8696164187715005
C2C-JCB latent,V,0,4,26.0,0.02025051830190024,0.9782804997919978,0.8696164187715005
C2C-JCB latent,V,0,4,27.0,0.024682066120627736,0.9782804997919978,0.8696164187715005
C2C-JCB latent,V,0,4,28.0,0.03133780550033411,0.9782804997919978,0.8696164187715005
C2C-JCB latent,V,0,4,29.0,0.05595837527258237,0.9782804997919978,0.8696164187715005
C2C-JCB latent,V,0,4,30.0,0.15986032334008074,0.9782804997919978,0.8696164187715005
C2C-JCB latent,V,0,4,31.0,0.4522315094095664,0.9782804997919978,0.8696164187715005
C2C-JCB latent,V,0,4,32.0,0.8921304719406187,0.9782804997919978,0.8696164187715005
C2C-JCB latent,V,0,4,33.0,0.5835542992930084,0.9782804997919978,0.8696164187715005
C2C-JCB latent,V,0,4,34.0,0.2628231659684472,0.9782804997919978,0.8696164187715005
C2C-JCB latent,V,0,4,35.0,0.09957734532799771,0.9782804997919978,0.8696164187715005
C2C-JCB latent,V,0,4,36.0,0.0402659687130563,0.9782804997919978,0.8696164187715005
C2C-JCB latent,V,0,4,37.0,0.022917873342096304,0.9782804997919978,0.8696164187715005
C2C-JCB latent,V,0,4,38.0,0.01641053354382847,0.9782804997919978,0.8696164187715005
C2C-JCB latent,V,0,4,39.0,0.011547230229697319,0.9782804997919978,0.8696164187715005
C2C-JCB latent,V,0,4,40.0,0.007759896232892052,0.9782804997919978,0.8696164187715005
C2C-JCB latent,V,0,4,41.0,0.007092915696666746,0.9782804997919978,0.8696164187715005
C2C-JCB latent,V,0,4,42.0,0.005772888860219602,0.9782804997919978,0.8696164187715005
C2C-JCB latent,V,0,4,43.0,0.004808369276966005,0.9782804997919978,0.8696164187715005
C2C-JCB latent,V,0,4,44.0,0.004031685991790254,0.9782804997919978,0.8696164187715005
C2C-JCB latent,V,0,4,45.0,0.00408546495174846,0.9782804997919978,0.8696164187715005
C2C-JCB latent,V,0,4,46.0,0.004177673421384038,0.9782804997919978,0.8696164187715005
C2C-JCB latent,V,0,4,47.0,0.0033563738767583094,0.9782804997919978,0.8696164187715005
C2C-JCB latent,V,0,4,48.0,0.0026509520789568335,0.9782804997919978,0.8696164187715005
C2C-JCB latent,V,0,4,49.0,0.0023343079516951097,0.9782804997919978,0.8696164187715005
C2C-JCB latent,V,0,4,50.0,0.0023725536673282477,0.9782804997919978,0.8696164187715005
C2C-JCB latent,V,0,4,51.0,0.0021935937071145867,0.9782804997919978,0.8696164187715005
C2C-JCB latent,V,0,4,52.0,0.0030594753078094085,0.9782804997919978,0.8696164187715005
C2C-JCB latent,V,0,4,53.0,0.005024017809428192,0.9782804997919978,0.8696164187715005
C2C-JCB latent,V,0,4,54.0,0.003748401096233915,0.9782804997919978,0.8696164187715005
C2C-JCB latent,V,0,4,55.0,0.002673600876869384,0.9782804997919978,0.8696164187715005
C2C-JCB latent,V,0,4,56.0,0.002129904502075987,0.9782804997919978,0.8696164187715005
C2C-JCB latent,V,0,4,57.0,0.001744887044651475,0.9782804997919978,0.8696164187715005
C2C-JCB latent,V,0,4,58.0,0.0015807234960459474,0.9782804997919978,0.8696164187715005
C2C-JCB latent,V,0,4,59.0,0.0015370501279352302,0.9782804997919978,0.8696164187715005
C2C-JCB latent,V,0,4,60.0,0.0016529265804820165,0.9782804997919978,0.8696164187715005
C2C-JCB latent,V,0,4,61.0,0.0019026043757901314,0.9782804997919978,0.8696164187715005
C2C-JCB latent,V,0,4,62.0,0.003202354861700769,0.9782804997919978,0.8696164187715005
C2C-JCB latent,V,0,4,63.0,0.007323783687769499,0.9782804997919978,0.8696164187715005
C2C-JCB latent,V,0,4,64.0,0.028482618718026056,0.9782804997919978,0.8696164187715005
C2C-JCB latent,V,0,4,65.0,0.022121928275021196,0.9782804997919978,0.8696164187715005
C2C-JCB latent,V,0,4,66.0,0.01100627467272031,0.9782804997919978,0.8696164187715005
C2C-JCB latent,V,0,4,67.0,0.004995973909610699,0.9782804997919978,0.8696164187715005
C2C-JCB latent,V,0,4,68.0,0.002587716916536914,0.9782804997919978,0.8696164187715005
C2C-JCB latent,V,0,4,69.0,0.001806791010250203,0.9782804997919978,0.8696164187715005
C2C-JCB latent,V,0,4,70.0,0.001466962986529551,0.9782804997919978,0.8696164187715005
C2C-JCB latent,V,0,4,71.0,0.0012655535130971876,0.9782804997919978,0.8696164187715005
C2C-JCB latent,V,0,4,72.0,0.0012595407458707078,0.9782804997919978,0.8696164187715005
C2C-JCB latent,V,0,4,73.0,0.0017589398114898828,0.9782804997919978,0.8696164187715005
C2C-JCB latent,V,0,4,74.0,0.0017155385334922358,0.9782804997919978,0.8696164187715005
C2C-JCB latent,V,0,4,75.0,0.0012567678549544326,0.9782804997919978,0.8696164187715005
C2C-JCB latent,V,0,4,76.0,0.00097608061782239,0.9782804997919978,0.8696164187715005
C2C-JCB latent,V,0,4,77.0,0.0011631526250533864,0.9782804997919978,0.8696164187715005
C2C-JCB latent,V,0,4,78.0,0.0014503727264855114,0.9782804997919978,0.8696164187715005
C2C-JCB latent,V,0,4,79.0,0.001556558866232649,0.9782804997919978,0.8696164187715005
C2C-JCB latent,V,0,4,80.0,0.0014874249715035156,0.9782804997919978,0.8696164187715005
C2C-JCB latent,V,0,4,81.0,0.001254681828544903,0.9782804997919978,0.8696164187715005
C2C-JCB latent,V,0,4,82.0,0.0009529849167631707,0.9782804997919978,0.8696164187715005
C2C-JCB latent,V,0,4,83.0,0.0008415643395335337,0.9782804997919978,0.8696164187715005
C2C-JCB latent,V,0,4,84.0,0.0009944286666814148,0.9782804997919978,0.8696164187715005
C2C-JCB latent,V,0,4,85.0,0.001409883224192754,0.9782804997919978,0.8696164187715005
C2C-JCB latent,V,0,4,86.0,0.001508110003642287,0.9782804997919978,0.8696164187715005
C2C-JCB latent,V,0,4,87.0,0.0015098634225614654,0.9782804997919978,0.8696164187715005
C2C-JCB latent,V,0,4,88.0,0.0013431904760705052,0.9782804997919978,0.8696164187715005
C2C-JCB latent,V,0,4,89.0,0.001162883731789747,0.9782804997919978,0.8696164187715005
C2C-JCB latent,V,0,4,90.0,0.0010273450926376877,0.9782804997919978,0.8696164187715005
C2C-JCB latent,V,0,4,91.0,0.0010071851691247956,0.9782804997919978,0.8696164187715005
C2C-JCB latent,V,0,4,92.0,0.0010461743786595431,0.9782804997919978,0.8696164187715005
C2C-JCB latent,V,0,4,93.0,0.001226651349470559,0.9782804997919978,0.8696164187715005
C2C-JCB latent,V,0,4,94.0,0.0013270853025835545,0.9782804997919978,0.8696164187715005
C2C-JCB latent,V,0,4,95.0,0.0015207361424927532,0.9782804997919978,0.8696164187715005
C2C-JCB latent,V,0,4,96.0,0.0024604560548777948,0.9782804997919978,0.8696164187715005
C2C-JCB latent,V,0,4,97.0,0.0018361494110808985,0.9782804997919978,0.8696164187715005
C2C-JCB latent,V,0,4,98.0,0.0013935851263806856,0.9782804997919978,0.8696164187715005
C2C-JCB latent,V,0,4,99.0,0.0012148113174555424,0.9782804997919978,0.8696164187715005
C2C-JCB latent,V,0,4,100.0,0.001039893044122664,0.9782804997919978,0.8696164187715005
C2C-JCB latent,V,6,10,0.0,0.448669828241691,0.8942655530496124,5.0776384902599165
C2C-JCB latent,V,6,10,1.0,0.09058958193101721,0.8942655530496124,5.0776384902599165
C2C-JCB latent,V,6,10,2.0,0.012685887424713656,0.8942655530496124,5.0776384902599165
C2C-JCB latent,V,6,10,3.0,0.005622855889960195,0.8942655530496124,5.0776384902599165
C2C-JCB latent,V,6,10,4.0,0.0041735315790901945,0.8942655530496124,5.0776384902599165
C2C-JCB latent,V,6,10,5.0,0.003641910576305917,0.8942655530496124,5.0776384902599165
C2C-JCB latent,V,6,10,6.0,0.0035204037188987067,0.8942655530496124,5.0776384902599165
C2C-JCB latent,V,6,10,7.0,0.0031171667874627927,0.8942655530496124,5.0776384902599165
C2C-JCB latent,V,6,10,8.0,0.0029931728366773326,0.8942655530496124,5.0776384902599165
C2C-JCB latent,V,6,10,9.0,0.00265135014336238,0.8942655530496124,5.0776384902599165
C2C-JCB latent,V,6,10,10.0,0.0020559040708690184,0.8942655530496124,5.0776384902599165
C2C-JCB latent,V,6,10,11.0,0.0017548284920968623,0.8942655530496124,5.0776384902599165
C2C-JCB latent,V,6,10,12.0,0.0018921283682675485,0.8942655530496124,5.0776384902599165
C2C-JCB latent,V,6,10,13.0,0.002532258030840921,0.8942655530496124,5.0776384902599165
C2C-JCB latent,V,6,10,14.0,0.002251697430867807,0.8942655530496124,5.0776384902599165
C2C-JCB latent,V,6,10,15.0,0.0014640834367469337,0.8942655530496124,5.0776384902599165
C2C-JCB latent,V,6,10,16.0,0.0010766026855094416,0.8942655530496124,5.0776384902599165
C2C-JCB latent,V,6,10,17.0,0.0009805034986129612,0.8942655530496124,5.0776384902599165
C2C-JCB latent,V,6,10,18.0,0.0010397771878035663,0.8942655530496124,5.0776384902599165
C2C-JCB latent,V,6,10,19.0,0.001153107809781203,0.8942655530496124,5.0776384902599165
C2C-JCB latent,V,6,10,20.0,0.0013155347368751789,0.8942655530496124,5.0776384902599165
C2C-JCB latent,V,6,10,21.0,0.0014005619833790213,0.8942655530496124,5.0776384902599165
C2C-JCB latent,V,6,10,22.0,0.0011025249034321406,0.8942655530496124,5.0776384902599165
C2C-JCB latent,V,6,10,23.0,0.0010041171830829396,0.8942655530496124,5.0776384902599165
C2C-JCB latent,V,6,10,24.0,0.0009417936794102388,0.8942655530496124,5.0776384902599165
C2C-JCB latent,V,6,10,25.0,0.0008869158140498712,0.8942655530496124,5.0776384902599165
C2C-JCB latent,V,6,10,26.0,0.0008999740468573236,0.8942655530496124,5.0776384902599165
C2C-JCB latent,V,6,10,27.0,0.0008900312116912802,0.8942655530496124,5.0776384902599165
C2C-JCB latent,V,6,10,28.0,0.0008473623120039509,0.8942655530496124,5.0776384902599165
C2C-JCB latent,V,6,10,29.0,0.0008251596397690253,0.8942655530496124,5.0776384902599165
C2C-JCB latent,V,6,10,30.0,0.0009763020875482195,0.8942655530496124,5.0776384902599165
C2C-JCB latent,V,6,10,31.0,0.0016226125207384706,0.8942655530496124,5.0776384902599165
C2C-JCB latent,V,6,10,32.0,0.0029741475956461725,0.8942655530496124,5.0776384902599165
C2C-JCB latent,V,6,10,33.0,0.002436963064810695,0.8942655530496124,5.0776384902599165
C2C-JCB latent,V,6,10,34.0,0.0016308527892317654,0.8942655530496124,5.0776384902599165
C2C-JCB latent,V,6,10,35.0,0.001170164704726062,0.8942655530496124,5.0776384902599165
C2C-JCB latent,V,6,10,36.0,0.0009325834776996094,0.8942655530496124,5.0776384902599165
C2C-JCB latent,V,6,10,37.0,0.0007929898747073593,0.8942655530496124,5.0776384902599165
C2C-JCB latent,V,6,10,38.0,0.0007430034322624117,0.8942655530496124,5.0776384902599165
C2C-JCB latent,V,6,10,39.0,0.0007076595725914104,0.8942655530496124,5.0776384902599165
C2C-JCB latent,V,6,10,40.0,0.0007059942813043567,0.8942655530496124,5.0776384902599165
C2C-JCB latent,V,6,10,41.0,0.0007124755595998523,0.8942655530496124,5.0776384902599165
C2C-JCB latent,V,6,10,42.0,0.0006723020108233874,0.8942655530496124,5.0776384902599165
C2C-JCB latent,V,6,10,43.0,0.0006102088600994194,0.8942655530496124,5.0776384902599165
C2C-JCB latent,V,6,10,44.0,0.0005695548314349707,0.8942655530496124,5.0776384902599165
C2C-JCB latent,V,6,10,45.0,0.0005818025124426639,0.8942655530496124,5.0776384902599165
C2C-JCB latent,V,6,10,46.0,0.0005976405890936581,0.8942655530496124,5.0776384902599165
C2C-JCB latent,V,6,10,47.0,0.0005636472848871668,0.8942655530496124,5.0776384902599165
C2C-JCB latent,V,6,10,48.0,0.00052758710592343,0.8942655530496124,5.0776384902599165
C2C-JCB latent,V,6,10,49.0,0.0004902250404938964,0.8942655530496124,5.0776384902599165
C2C-JCB latent,V,6,10,50.0,0.00046196389854458175,0.8942655530496124,5.0776384902599165
C2C-JCB latent,V,6,10,51.0,0.0004721578419602677,0.8942655530496124,5.0776384902599165
C2C-JCB latent,V,6,10,52.0,0.00046720088837560054,0.8942655530496124,5.0776384902599165
C2C-JCB latent,V,6,10,53.0,0.0004432608386812826,0.8942655530496124,5.0776384902599165
C2C-JCB latent,V,6,10,54.0,0.00042204034353858364,0.8942655530496124,5.0776384902599165
C2C-JCB latent,V,6,10,55.0,0.00042034402235202655,0.8942655530496124,5.0776384902599165
C2C-JCB latent,V,6,10,56.0,0.0004212437256080649,0.8942655530496124,5.0776384902599165
C2C-JCB latent,V,6,10,57.0,0.000431143465567061,0.8942655530496124,5.0776384902599165
C2C-JCB latent,V,6,10,58.0,0.0004347601227038921,0.8942655530496124,5.0776384902599165
C2C-JCB latent,V,6,10,59.0,0.00045341938622385654,0.8942655530496124,5.0776384902599165
C2C-JCB latent,V,6,10,60.0,0.0004739978916177281,0.8942655530496124,5.0776384902599165
C2C-JCB latent,V,6,10,61.0,0.0004748889335900235,0.8942655530496124,5.0776384902599165
C2C-JCB latent,V,6,10,62.0,0.0004667179846069299,0.8942655530496124,5.0776384902599165
C2C-JCB latent,V,6,10,63.0,0.00046579689679816756,0.8942655530496124,5.0776384902599165
C2C-JCB latent,V,6,10,64.0,0.00047215552318903044,0.8942655530496124,5.0776384902599165
C2C-JCB latent,V,6,10,65.0,0.00045243071402865074,0.8942655530496124,5.0776384902599165
C2C-JCB latent,V,6,10,66.0,0.0004341491511780761,0.8942655530496124,5.0776384902599165
C2C-JCB latent,V,6,10,67.0,0.0004766073799081029,0.8942655530496124,5.0776384902599165
C2C-JCB latent,V,6,10,68.0,0.0005488993249809943,0.8942655530496124,5.0776384902599165
C2C-JCB latent,V,6,10,69.0,0.0005970294106171535,0.8942655530496124,5.0776384902599165
C2C-JCB latent,V,6,10,70.0,0.0005722536516856272,0.8942655530496124,5.0776384902599165
C2C-JCB latent,V,6,10,71.0,0.000498548696855892,0.8942655530496124,5.0776384902599165
C2C-JCB latent,V,6,10,72.0,0.0004205520835080276,0.8942655530496124,5.0776384902599165
C2C-JCB latent,V,6,10,73.0,0.0004093474259533994,0.8942655530496124,5.0776384902599165
C2C-JCB latent,V,6,10,74.0,0.00041144411154277747,0.8942655530496124,5.0776384902599165
C2C-JCB latent,V,6,10,75.0,0.0004012969089046693,0.8942655530496124,5.0776384902599165
C2C-JCB latent,V,6,10,76.0,0.00040938984763329257,0.8942655530496124,5.0776384902599165
C2C-JCB latent,V,6,10,77.0,0.0004671806844797292,0.8942655530496124,5.0776384902599165
C2C-JCB latent,V,6,10,78.0,0.0005376878731908618,0.8942655530496124,5.0776384902599165
C2C-JCB latent,V,6,10,79.0,0.0005523747226015989,0.8942655530496124,5.0776384902599165
C2C-JCB latent,V,6,10,80.0,0.0004939239172813356,0.8942655530496124,5.0776384902599165
C2C-JCB latent,V,6,10,81.0,0.0004285532554732187,0.8942655530496124,5.0776384902599165
C2C-JCB latent,V,6,10,82.0,0.00041602639508369103,0.8942655530496124,5.0776384902599165
C2C-JCB latent,V,6,10,83.0,0.0004628502792587603,0.8942655530496124,5.0776384902599165
C2C-JCB latent,V,6,10,84.0,0.000512976306324617,0.8942655530496124,5.0776384902599165
C2C-JCB latent,V,6,10,85.0,0.0005037510141306718,0.8942655530496124,5.0776384902599165
C2C-JCB latent,V,6,10,86.0,0.00048449411606327447,0.8942655530496124,5.0776384902599165
C2C-JCB latent,V,6,10,87.0,0.0005288201946615346,0.8942655530496124,5.0776384902599165
C2C-JCB latent,V,6,10,88.0,0.0006039540989138465,0.8942655530496124,5.0776384902599165
C2C-JCB latent,V,6,10,89.0,0.0006370589488199124,0.8942655530496124,5.0776384902599165
C2C-JCB latent,V,6,10,90.0,0.0005904436672892643,0.8942655530496124,5.0776384902599165
C2C-JCB latent,V,6,10,91.0,0.0005076214498853911,0.8942655530496124,5.0776384902599165
C2C-JCB latent,V,6,10,92.0,0.0004542448723407233,0.8942655530496124,5.0776384902599165
C2C-JCB latent,V,6,10,93.0,0.0004684924513568946,0.8942655530496124,5.0776384902599165
C2C-JCB latent,V,6,10,94.0,0.0004785130790344286,0.8942655530496124,5.0776384902599165
C2C-JCB latent,V,6,10,95.0,0.00045653014142033044,0.8942655530496124,5.0776384902599165
C2C-JCB latent,V,6,10,96.0,0.00041077769664525486,0.8942655530496124,5.0776384902599165
C2C-JCB latent,V,6,10,97.0,0.0004284345432989767,0.8942655530496124,5.0776384902599165
C2C-JCB latent,V,6,10,98.0,0.00046526998381409625,0.8942655530496124,5.0776384902599165
C2C-JCB latent,V,6,10,99.0,0.0004866829729860455,0.8942655530496124,5.0776384902599165
C2C-JCB latent,V,6,10,100.0,0.0004766216621874264,0.8942655530496124,5.0776384902599165
C2C-JCB latent,V,12,16,0.0,0.4054967373376712,0.8790820152140844,5.604940790285559
C2C-JCB latent,V,12,16,1.0,0.07699959814424792,0.8790820152140844,5.604940790285559
C2C-JCB latent,V,12,16,2.0,0.01488589706842503,0.8790820152140844,5.604940790285559
C2C-JCB latent,V,12,16,3.0,0.00665935906891263,0.8790820152140844,5.604940790285559
C2C-JCB latent,V,12,16,4.0,0.004616197427112641,0.8790820152140844,5.604940790285559
C2C-JCB latent,V,12,16,5.0,0.004297780365345715,0.8790820152140844,5.604940790285559
C2C-JCB latent,V,12,16,6.0,0.004118809885771953,0.8790820152140844,5.604940790285559
C2C-JCB latent,V,12,16,7.0,0.003636149577421291,0.8790820152140844,5.604940790285559
C2C-JCB latent,V,12,16,8.0,0.0034472818394806403,0.8790820152140844,5.604940790285559
C2C-JCB latent,V,12,16,9.0,0.004372650054779114,0.8790820152140844,5.604940790285559
C2C-JCB latent,V,12,16,10.0,0.003122151786953964,0.8790820152140844,5.604940790285559
C2C-JCB latent,V,12,16,11.0,0.002258601771683288,0.8790820152140844,5.604940790285559
C2C-JCB latent,V,12,16,12.0,0.0020620202951704397,0.8790820152140844,5.604940790285559
C2C-JCB latent,V,12,16,13.0,0.0022622046964204407,0.8790820152140844,5.604940790285559
C2C-JCB latent,V,12,16,14.0,0.0020533463889137226,0.8790820152140844,5.604940790285559
C2C-JCB latent,V,12,16,15.0,0.001628693604618548,0.8790820152140844,5.604940790285559
C2C-JCB latent,V,12,16,16.0,0.001432598702845099,0.8790820152140844,5.604940790285559
C2C-JCB latent,V,12,16,17.0,0.0013639897050768477,0.8790820152140844,5.604940790285559
C2C-JCB latent,V,12,16,18.0,0.001383505111714384,0.8790820152140844,5.604940790285559
C2C-JCB latent,V,12,16,19.0,0.0014772928102513572,0.8790820152140844,5.604940790285559
C2C-JCB latent,V,12,16,20.0,0.0018631774193181626,0.8790820152140844,5.604940790285559
C2C-JCB latent,V,12,16,21.0,0.0025123992054761858,0.8790820152140844,5.604940790285559
C2C-JCB latent,V,12,16,22.0,0.0017785819994765007,0.8790820152140844,5.604940790285559
C2C-JCB latent,V,12,16,23.0,0.0013074351113192514,0.8790820152140844,5.604940790285559
C2C-JCB latent,V,12,16,24.0,0.001074358020023284,0.8790820152140844,5.604940790285559
C2C-JCB latent,V,12,16,25.0,0.000926136361485419,0.8790820152140844,5.604940790285559
C2C-JCB latent,V,12,16,26.0,0.000867943157315949,0.8790820152140844,5.604940790285559
C2C-JCB latent,V,12,16,27.0,0.0008934757880388137,0.8790820152140844,5.604940790285559
C2C-JCB latent,V,12,16,28.0,0.000959691100672444,0.8790820152140844,5.604940790285559
C2C-JCB latent,V,12,16,29.0,0.0010415731063949352,0.8790820152140844,5.604940790285559
C2C-JCB latent,V,12,16,30.0,0.0011583035936325809,0.8790820152140844,5.604940790285559
C2C-JCB latent,V,12,16,31.0,0.0015097944629678737,0.8790820152140844,5.604940790285559
C2C-JCB latent,V,12,16,32.0,0.002424030765114366,0.8790820152140844,5.604940790285559
C2C-JCB latent,V,12,16,33.0,0.0018560513353133954,0.8790820152140844,5.604940790285559
C2C-JCB latent,V,12,16,34.0,0.0013154782527271878,0.8790820152140844,5.604940790285559
C2C-JCB latent,V,12,16,35.0,0.0010516908773126948,0.8790820152140844,5.604940790285559
C2C-JCB latent,V,12,16,36.0,0.0009041365401571972,0.8790820152140844,5.604940790285559
C2C-JCB latent,V,12,16,37.0,0.0008326777228404574,0.8790820152140844,5.604940790285559
C2C-JCB latent,V,12,16,38.0,0.000791585635382717,0.8790820152140844,5.604940790285559
C2C-JCB latent,V,12,16,39.0,0.0007882306167272193,0.8790820152140844,5.604940790285559
C2C-JCB latent,V,12,16,40.0,0.000779570141958175,0.8790820152140844,5.604940790285559
C2C-JCB latent,V,12,16,41.0,0.0007563007791020488,0.8790820152140844,5.604940790285559
C2C-JCB latent,V,12,16,42.0,0.000695102345111991,0.8790820152140844,5.604940790285559
C2C-JCB latent,V,12,16,43.0,0.0006833832030980593,0.8790820152140844,5.604940790285559
C2C-JCB latent,V,12,16,44.0,0.0006868712736820719,0.8790820152140844,5.604940790285559
C2C-JCB latent,V,12,16,45.0,0.0006791486097455388,0.8790820152140844,5.604940790285559
C2C-JCB latent,V,12,16,46.0,0.0006437262096767433,0.8790820152140844,5.604940790285559
C2C-JCB latent,V,12,16,47.0,0.0006405390491210026,0.8790820152140844,5.604940790285559
C2C-JCB latent,V,12,16,48.0,0.0006541079041153351,0.8790820152140844,5.604940790285559
C2C-JCB latent,V,12,16,49.0,0.0006804994632460653,0.8790820152140844,5.604940790285559
C2C-JCB latent,V,12,16,50.0,0.0006682866087999173,0.8790820152140844,5.604940790285559
C2C-JCB latent,V,12,16,51.0,0.0006326317595255658,0.8790820152140844,5.604940790285559
C2C-JCB latent,V,12,16,52.0,0.0005746483077268753,0.8790820152140844,5.604940790285559
C2C-JCB latent,V,12,16,53.0,0.000533747604562222,0.8790820152140844,5.604940790285559
C2C-JCB latent,V,12,16,54.0,0.0005293997365612313,0.8790820152140844,5.604940790285559
C2C-JCB latent,V,12,16,55.0,0.0005388458909962428,0.8790820152140844,5.604940790285559
C2C-JCB latent,V,12,16,56.0,0.000541077831053371,0.8790820152140844,5.604940790285559
C2C-JCB latent,V,12,16,57.0,0.0005373683856538492,0.8790820152140844,5.604940790285559
C2C-JCB latent,V,12,16,58.0,0.0005228815471576811,0.8790820152140844,5.604940790285559
C2C-JCB latent,V,12,16,59.0,0.0005027291575595427,0.8790820152140844,5.604940790285559
C2C-JCB latent,V,12,16,60.0,0.0004756315256599922,0.8790820152140844,5.604940790285559
C2C-JCB latent,V,12,16,61.0,0.00046399927915643954,0.8790820152140844,5.604940790285559
C2C-JCB latent,V,12,16,62.0,0.00046726640649637804,0.8790820152140844,5.604940790285559
C2C-JCB latent,V,12,16,63.0,0.0004695409080085256,0.8790820152140844,5.604940790285559
C2C-JCB latent,V,12,16,64.0,0.00046809962358793214,0.8790820152140844,5.604940790285559
C2C-JCB latent,V,12,16,65.0,0.0004785402143085095,0.8790820152140844,5.604940790285559
C2C-JCB latent,V,12,16,66.0,0.0004911420898326927,0.8790820152140844,5.604940790285559
C2C-JCB latent,V,12,16,67.0,0.00048594096586441555,0.8790820152140844,5.604940790285559
C2C-JCB latent,V,12,16,68.0,0.0005012487346914436,0.8790820152140844,5.604940790285559
C2C-JCB latent,V,12,16,69.0,0.00048605617954649454,0.8790820152140844,5.604940790285559
C2C-JCB latent,V,12,16,70.0,0.0004496246351351374,0.8790820152140844,5.604940790285559
C2C-JCB latent,V,12,16,71.0,0.00040706688386109145,0.8790820152140844,5.604940790285559
C2C-JCB latent,V,12,16,72.0,0.00038992719747056977,0.8790820152140844,5.604940790285559
C2C-JCB latent,V,12,16,73.0,0.0004009589196192563,0.8790820152140844,5.604940790285559
C2C-JCB latent,V,12,16,74.0,0.0004410974959296258,0.8790820152140844,5.604940790285559
C2C-JCB latent,V,12,16,75.0,0.00046030454637957524,0.8790820152140844,5.604940790285559
C2C-JCB latent,V,12,16,76.0,0.0004843742317234499,0.8790820152140844,5.604940790285559
C2C-JCB latent,V,12,16,77.0,0.0005247180080178285,0.8790820152140844,5.604940790285559
C2C-JCB latent,V,12,16,78.0,0.0005465861609661714,0.8790820152140844,5.604940790285559
C2C-JCB latent,V,12,16,79.0,0.0005663589289397924,0.8790820152140844,5.604940790285559
C2C-JCB latent,V,12,16,80.0,0.0005668992953644645,0.8790820152140844,5.604940790285559
C2C-JCB latent,V,12,16,81.0,0.0005410965632231067,0.8790820152140844,5.604940790285559
C2C-JCB latent,V,12,16,82.0,0.0005093435680805671,0.8790820152140844,5.604940790285559
C2C-JCB latent,V,12,16,83.0,0.0005027518815924735,0.8790820152140844,5.604940790285559
C2C-JCB latent,V,12,16,84.0,0.0005005180350633507,0.8790820152140844,5.604940790285559
C2C-JCB latent,V,12,16,85.0,0.0005005460387067731,0.8790820152140844,5.604940790285559
C2C-JCB latent,V,12,16,86.0,0.000504075414029899,0.8790820152140844,5.604940790285559
C2C-JCB latent,V,12,16,87.0,0.0005225989295811918,0.8790820152140844,5.604940790285559
C2C-JCB latent,V,12,16,88.0,0.000532127653095813,0.8790820152140844,5.604940790285559
C2C-JCB latent,V,12,16,89.0,0.0005113105313901657,0.8790820152140844,5.604940790285559
C2C-JCB latent,V,12,16,90.0,0.0004718198112982464,0.8790820152140844,5.604940790285559
C2C-JCB latent,V,12,16,91.0,0.00043344206028592645,0.8790820152140844,5.604940790285559
C2C-JCB latent,V,12,16,92.0,0.0004088149567337496,0.8790820152140844,5.604940790285559
C2C-JCB latent,V,12,16,93.0,0.00040461599233367437,0.8790820152140844,5.604940790285559
C2C-JCB latent,V,12,16,94.0,0.0003970831004323826,0.8790820152140844,5.604940790285559
C2C-JCB latent,V,12,16,95.0,0.00037164809134964094,0.8790820152140844,5.604940790285559
C2C-JCB latent,V,12,16,96.0,0.0003472600137729389,0.8790820152140844,5.604940790285559
C2C-JCB latent,V,12,16,97.0,0.0003431355838640116,0.8790820152140844,5.604940790285559
C2C-JCB latent,V,12,16,98.0,0.0003441670178796128,0.8790820152140844,5.604940790285559
C2C-JCB latent,V,12,16,99.0,0.0003439634021418671,0.8790820152140844,5.604940790285559
C2C-JCB latent,V,12,16,100.0,0.00035339938334288945,0.8790820152140844,5.604940790285559
C2C-JCB latent,V,18,22,0.0,0.5352790757024195,0.8776405040641063,5.623339395902828
C2C-JCB latent,V,18,22,1.0,0.10328640731057473,0.8776405040641063,5.623339395902828
C2C-JCB latent,V,18,22,2.0,0.014557348933890355,0.8776405040641063,5.623339395902828
C2C-JCB latent,V,18,22,3.0,0.006468415663350702,0.8776405040641063,5.623339395902828
C2C-JCB latent,V,18,22,4.0,0.004685885566514116,0.8776405040641063,5.623339395902828
C2C-JCB latent,V,18,22,5.0,0.004166672992857907,0.8776405040641063,5.623339395902828
C2C-JCB latent,V,18,22,6.0,0.004049773765405002,0.8776405040641063,5.623339395902828
C2C-JCB latent,V,18,22,7.0,0.0038094732633567204,0.8776405040641063,5.623339395902828
C2C-JCB latent,V,18,22,8.0,0.00433236136062987,0.8776405040641063,5.623339395902828
C2C-JCB latent,V,18,22,9.0,0.004842907403165101,0.8776405040641063,5.623339395902828
C2C-JCB latent,V,18,22,10.0,0.003612687675649795,0.8776405040641063,5.623339395902828
C2C-JCB latent,V,18,22,11.0,0.0029071188432328652,0.8776405040641063,5.623339395902828
C2C-JCB latent,V,18,22,12.0,0.002550804425945895,0.8776405040641063,5.623339395902828
C2C-JCB latent,V,18,22,13.0,0.002566369761677833,0.8776405040641063,5.623339395902828
C2C-JCB latent,V,18,22,14.0,0.002424750859852338,0.8776405040641063,5.623339395902828
C2C-JCB latent,V,18,22,15.0,0.0018199780081545214,0.8776405040641063,5.623339395902828
C2C-JCB latent,V,18,22,16.0,0.0015637963812673663,0.8776405040641063,5.623339395902828
C2C-JCB latent,V,18,22,17.0,0.0016971297961163136,0.8776405040641063,5.623339395902828
C2C-JCB latent,V,18,22,18.0,0.0018541280050840216,0.8776405040641063,5.623339395902828
C2C-JCB latent,V,18,22,19.0,0.0018791276890783605,0.8776405040641063,5.623339395902828
C2C-JCB latent,V,18,22,20.0,0.002075685696854635,0.8776405040641063,5.623339395902828
C2C-JCB latent,V,18,22,21.0,0.003039800018228789,0.8776405040641063,5.623339395902828
C2C-JCB latent,V,18,22,22.0,0.0027470091689679073,0.8776405040641063,5.623339395902828
C2C-JCB latent,V,18,22,23.0,0.0025241738610463963,0.8776405040641063,5.623339395902828
C2C-JCB latent,V,18,22,24.0,0.0022842561593324727,0.8776405040641063,5.623339395902828
C2C-JCB latent,V,18,22,25.0,0.0019343558460604982,0.8776405040641063,5.623339395902828
C2C-JCB latent,V,18,22,26.0,0.0015812057288144394,0.8776405040641063,5.623339395902828
C2C-JCB latent,V,18,22,27.0,0.001382153459077243,0.8776405040641063,5.623339395902828
C2C-JCB latent,V,18,22,28.0,0.001297799265880712,0.8776405040641063,5.623339395902828
C2C-JCB latent,V,18,22,29.0,0.0012530294823386602,0.8776405040641063,5.623339395902828
C2C-JCB latent,V,18,22,30.0,0.0013835282428544817,0.8776405040641063,5.623339395902828
C2C-JCB latent,V,18,22,31.0,0.0018253942581861768,0.8776405040641063,5.623339395902828
C2C-JCB latent,V,18,22,32.0,0.0021774568406954134,0.8776405040641063,5.623339395902828
C2C-JCB latent,V,18,22,33.0,0.0017319505681018658,0.8776405040641063,5.623339395902828
C2C-JCB latent,V,18,22,34.0,0.0013627900580377155,0.8776405040641063,5.623339395902828
C2C-JCB latent,V,18,22,35.0,0.001201760172051536,0.8776405040641063,5.623339395902828
C2C-JCB latent,V,18,22,36.0,0.001167886359180556,0.8776405040641063,5.623339395902828
C2C-JCB latent,V,18,22,37.0,0.0012556210773851716,0.8776405040641063,5.623339395902828
C2C-JCB latent,V,18,22,38.0,0.0012453179395708963,0.8776405040641063,5.623339395902828
C2C-JCB latent,V,18,22,39.0,0.0011465821898303838,0.8776405040641063,5.623339395902828
C2C-JCB latent,V,18,22,40.0,0.001045550291132714,0.8776405040641063,5.623339395902828
C2C-JCB latent,V,18,22,41.0,0.0009610591146065416,0.8776405040641063,5.623339395902828
C2C-JCB latent,V,18,22,42.0,0.0008910187453113844,0.8776405040641063,5.623339395902828
C2C-JCB latent,V,18,22,43.0,0.0009224356040630256,0.8776405040641063,5.623339395902828
C2C-JCB latent,V,18,22,44.0,0.000983196189783939,0.8776405040641063,5.623339395902828
C2C-JCB latent,V,18,22,45.0,0.0010281681869628299,0.8776405040641063,5.623339395902828
C2C-JCB latent,V,18,22,46.0,0.0010010507313609196,0.8776405040641063,5.623339395902828
C2C-JCB latent,V,18,22,47.0,0.0009406913648848566,0.8776405040641063,5.623339395902828
C2C-JCB latent,V,18,22,48.0,0.0008604514426838252,0.8776405040641063,5.623339395902828
C2C-JCB latent,V,18,22,49.0,0.0008368653273998924,0.8776405040641063,5.623339395902828
C2C-JCB latent,V,18,22,50.0,0.0008503829654387119,0.8776405040641063,5.623339395902828
C2C-JCB latent,V,18,22,51.0,0.0009279349698425682,0.8776405040641063,5.623339395902828
C2C-JCB latent,V,18,22,52.0,0.0009434866238234463,0.8776405040641063,5.623339395902828
C2C-JCB latent,V,18,22,53.0,0.0009608126203283978,0.8776405040641063,5.623339395902828
C2C-JCB latent,V,18,22,54.0,0.0009079965990792975,0.8776405040641063,5.623339395902828
C2C-JCB latent,V,18,22,55.0,0.0008389774498937181,0.8776405040641063,5.623339395902828
C2C-JCB latent,V,18,22,56.0,0.0007527517234166219,0.8776405040641063,5.623339395902828
C2C-JCB latent,V,18,22,57.0,0.000698041571539534,0.8776405040641063,5.623339395902828
C2C-JCB latent,V,18,22,58.0,0.0006814609175484066,0.8776405040641063,5.623339395902828
C2C-JCB latent,V,18,22,59.0,0.0006714586675212784,0.8776405040641063,5.623339395902828
C2C-JCB latent,V,18,22,60.0,0.0006439419957814606,0.8776405040641063,5.623339395902828
C2C-JCB latent,V,18,22,61.0,0.0006005966969240716,0.8776405040641063,5.623339395902828
C2C-JCB latent,V,18,22,62.0,0.0005588814123666462,0.8776405040641063,5.623339395902828
C2C-JCB latent,V,18,22,63.0,0.0005650166976619171,0.8776405040641063,5.623339395902828
C2C-JCB latent,V,18,22,64.0,0.0005957503249169349,0.8776405040641063,5.623339395902828
C2C-JCB latent,V,18,22,65.0,0.0006406353668864998,0.8776405040641063,5.623339395902828
C2C-JCB latent,V,18,22,66.0,0.0006709965675418067,0.8776405040641063,5.623339395902828
C2C-JCB latent,V,18,22,67.0,0.0006947691324683096,0.8776405040641063,5.623339395902828
C2C-JCB latent,V,18,22,68.0,0.0007050845438971018,0.8776405040641063,5.623339395902828
C2C-JCB latent,V,18,22,69.0,0.0006757932927337147,0.8776405040641063,5.623339395902828
C2C-JCB latent,V,18,22,70.0,0.0006302645186963215,0.8776405040641063,5.623339395902828
C2C-JCB latent,V,18,22,71.0,0.0006380780681288913,0.8776405040641063,5.623339395902828
C2C-JCB latent,V,18,22,72.0,0.0006439241521502476,0.8776405040641063,5.623339395902828
C2C-JCB latent,V,18,22,73.0,0.00064327775332373,0.8776405040641063,5.623339395902828
C2C-JCB latent,V,18,22,74.0,0.000606254369739645,0.8776405040641063,5.623339395902828
C2C-JCB latent,V,18,22,75.0,0.00055678482610233,0.8776405040641063,5.623339395902828
C2C-JCB latent,V,18,22,76.0,0.0005711696427624702,0.8776405040641063,5.623339395902828
C2C-JCB latent,V,18,22,77.0,0.0006331074743241059,0.8776405040641063,5.623339395902828
C2C-JCB latent,V,18,22,78.0,0.0006875162096525857,0.8776405040641063,5.623339395902828
C2C-JCB latent,V,18,22,79.0,0.0007221323414950112,0.8776405040641063,5.623339395902828
C2C-JCB latent,V,18,22,80.0,0.0007294890902585389,0.8776405040641063,5.623339395902828
C2C-JCB latent,V,18,22,81.0,0.0006778464577320172,0.8776405040641063,5.623339395902828
C2C-JCB latent,V,18,22,82.0,0.0006241457966962119,0.8776405040641063,5.623339395902828
C2C-JCB latent,V,18,22,83.0,0.0005797671819175312,0.8776405040641063,5.623339395902828
C2C-JCB latent,V,18,22,84.0,0.0005556915234831189,0.8776405040641063,5.623339395902828
C2C-JCB latent,V,18,22,85.0,0.0005639202798136014,0.8776405040641063,5.623339395902828
C2C-JCB latent,V,18,22,86.0,0.0005869668681282294,0.8776405040641063,5.623339395902828
C2C-JCB latent,V,18,22,87.0,0.0005991582600731251,0.8776405040641063,5.623339395902828
C2C-JCB latent,V,18,22,88.0,0.0005761278893533012,0.8776405040641063,5.623339395902828
C2C-JCB latent,V,18,22,89.0,0.0005427872618071201,0.8776405040641063,5.623339395902828
C2C-JCB latent,V,18,22,90.0,0.0005049805127896431,0.8776405040641063,5.623339395902828
C2C-JCB latent,V,18,22,91.0,0.0005084230700589395,0.8776405040641063,5.623339395902828
C2C-JCB latent,V,18,22,92.0,0.0005140974558798912,0.8776405040641063,5.623339395902828
C2C-JCB latent,V,18,22,93.0,0.0005334762379348491,0.8776405040641063,5.623339395902828
C2C-JCB latent,V,18,22,94.0,0.0005384664112477821,0.8776405040641063,5.623339395902828
C2C-JCB latent,V,18,22,95.0,0.0005139113261762422,0.8776405040641063,5.623339395902828
C2C-JCB latent,V,18,22,96.0,0.0005180342950131945,0.8776405040641063,5.623339395902828
C2C-JCB latent,V,18,22,97.0,0.0005342645224502005,0.8776405040641063,5.623339395902828
C2C-JCB latent,V,18,22,98.0,0.0005372627851983223,0.8776405040641063,5.623339395902828
C2C-JCB latent,V,18,22,99.0,0.0005343985790682381,0.8776405040641063,5.623339395902828
C2C-JCB latent,V,18,22,100.0,0.0005302285495361048,0.8776405040641063,5.623339395902828
C2C-JCB latent,V,23,27,0.0,0.5117113614978734,0.7795812588703344,11.704128082060457
C2C-JCB latent,V,23,27,1.0,0.09642841327678066,0.7795812588703344,11.704128082060457
C2C-JCB latent,V,23,27,2.0,0.011203930346455294,0.7795812588703344,11.704128082060457
C2C-JCB latent,V,23,27,3.0,0.004607193288211418,0.7795812588703344,11.704128082060457
C2C-JCB latent,V,23,27,4.0,0.0037282842101194545,0.7795812588703344,11.704128082060457
C2C-JCB latent,V,23,27,5.0,0.003498389463845797,0.7795812588703344,11.704128082060457
C2C-JCB latent,V,23,27,6.0,0.003385635744721185,0.7795812588703344,11.704128082060457
C2C-JCB latent,V,23,27,7.0,0.0034283782010197665,0.7795812588703344,11.704128082060457
C2C-JCB latent,V,23,27,8.0,0.0038193713185319215,0.7795812588703344,11.704128082060457
C2C-JCB latent,V,23,27,9.0,0.0040335662753295766,0.7795812588703344,11.704128082060457
C2C-JCB latent,V,23,27,10.0,0.004058644936708333,0.7795812588703344,11.704128082060457
C2C-JCB latent,V,23,27,11.0,0.0036449883893328707,0.7795812588703344,11.704128082060457
C2C-JCB latent,V,23,27,12.0,0.0030342425051640013,0.7795812588703344,11.704128082060457
C2C-JCB latent,V,23,27,13.0,0.0028028561628502748,0.7795812588703344,11.704128082060457
C2C-JCB latent,V,23,27,14.0,0.0027485116270463553,0.7795812588703344,11.704128082060457
C2C-JCB latent,V,23,27,15.0,0.0025490872689147197,0.7795812588703344,11.704128082060457
C2C-JCB latent,V,23,27,16.0,0.002406035087733471,0.7795812588703344,11.704128082060457
C2C-JCB latent,V,23,27,17.0,0.0023165789434506237,0.7795812588703344,11.704128082060457
C2C-JCB latent,V,23,27,18.0,0.0022295138429808516,0.7795812588703344,11.704128082060457
C2C-JCB latent,V,23,27,19.0,0.002246065379562197,0.7795812588703344,11.704128082060457
C2C-JCB latent,V,23,27,20.0,0.002285258451615845,0.7795812588703344,11.704128082060457
C2C-JCB latent,V,23,27,21.0,0.002319635998636613,0.7795812588703344,11.704128082060457
C2C-JCB latent,V,23,27,22.0,0.0022726474242358565,0.7795812588703344,11.704128082060457
C2C-JCB latent,V,23,27,23.0,0.0022925584257166075,0.7795812588703344,11.704128082060457
C2C-JCB latent,V,23,27,24.0,0.002290067825297227,0.7795812588703344,11.704128082060457
C2C-JCB latent,V,23,27,25.0,0.00238355102843002,0.7795812588703344,11.704128082060457
C2C-JCB latent,V,23,27,26.0,0.002399433485632018,0.7795812588703344,11.704128082060457
C2C-JCB latent,V,23,27,27.0,0.0023733787128605824,0.7795812588703344,11.704128082060457
C2C-JCB latent,V,23,27,28.0,0.0023374037203439,0.7795812588703344,11.704128082060457
C2C-JCB latent,V,23,27,29.0,0.002427834189054466,0.7795812588703344,11.704128082060457
C2C-JCB latent,V,23,27,30.0,0.0025381718305766297,0.7795812588703344,11.704128082060457
C2C-JCB latent,V,23,27,31.0,0.002611346835985841,0.7795812588703344,11.704128082060457
C2C-JCB latent,V,23,27,32.0,0.0024906270908013547,0.7795812588703344,11.704128082060457
C2C-JCB latent,V,23,27,33.0,0.0021158106774748836,0.7795812588703344,11.704128082060457
C2C-JCB latent,V,23,27,34.0,0.002129152060992965,0.7795812588703344,11.704128082060457
C2C-JCB latent,V,23,27,35.0,0.0024619125822482623,0.7795812588703344,11.704128082060457
C2C-JCB latent,V,23,27,36.0,0.0029315771077563103,0.7795812588703344,11.704128082060457
C2C-JCB latent,V,23,27,37.0,0.003250990657614921,0.7795812588703344,11.704128082060457
C2C-JCB latent,V,23,27,38.0,0.003039298737467104,0.7795812588703344,11.704128082060457
C2C-JCB latent,V,23,27,39.0,0.0027096935629151654,0.7795812588703344,11.704128082060457
C2C-JCB latent,V,23,27,40.0,0.0025492618202633804,0.7795812588703344,11.704128082060457
C2C-JCB latent,V,23,27,41.0,0.002442633691736091,0.7795812588703344,11.704128082060457
C2C-JCB latent,V,23,27,42.0,0.0022725064601104355,0.7795812588703344,11.704128082060457
C2C-JCB latent,V,23,27,43.0,0.0019860240835373574,0.7795812588703344,11.704128082060457
C2C-JCB latent,V,23,27,44.0,0.0018194935831616027,0.7795812588703344,11.704128082060457
C2C-JCB latent,V,23,27,45.0,0.001857975067315466,0.7795812588703344,11.704128082060457
C2C-JCB latent,V,23,27,46.0,0.0019863636273635163,0.7795812588703344,11.704128082060457
C2C-JCB latent,V,23,27,47.0,0.0019882195011120983,0.7795812588703344,11.704128082060457
C2C-JCB latent,V,23,27,48.0,0.0019694165455393883,0.7795812588703344,11.704128082060457
C2C-JCB latent,V,23,27,49.0,0.0019962510864809263,0.7795812588703344,11.704128082060457
C2C-JCB latent,V,23,27,50.0,0.002030266527697222,0.7795812588703344,11.704128082060457
C2C-JCB latent,V,23,27,51.0,0.0020836288418195157,0.7795812588703344,11.704128082060457
C2C-JCB latent,V,23,27,52.0,0.0020047873686780803,0.7795812588703344,11.704128082060457
C2C-JCB latent,V,23,27,53.0,0.0018624776595595445,0.7795812588703344,11.704128082060457
C2C-JCB latent,V,23,27,54.0,0.0017826557671992303,0.7795812588703344,11.704128082060457
C2C-JCB latent,V,23,27,55.0,0.001766368184979685,0.7795812588703344,11.704128082060457
C2C-JCB latent,V,23,27,56.0,0.0018099415082315333,0.7795812588703344,11.704128082060457
C2C-JCB latent,V,23,27,57.0,0.0018009169463027769,0.7795812588703344,11.704128082060457
C2C-JCB latent,V,23,27,58.0,0.0016859625253300696,0.7795812588703344,11.704128082060457
C2C-JCB latent,V,23,27,59.0,0.0015668141527760326,0.7795812588703344,11.704128082060457
C2C-JCB latent,V,23,27,60.0,0.0014909377947105898,0.7795812588703344,11.704128082060457
C2C-JCB latent,V,23,27,61.0,0.001601086415250846,0.7795812588703344,11.704128082060457
C2C-JCB latent,V,23,27,62.0,0.0016856909711486883,0.7795812588703344,11.704128082060457
C2C-JCB latent,V,23,27,63.0,0.0017324546352142501,0.7795812588703344,11.704128082060457
C2C-JCB latent,V,23,27,64.0,0.0016893362237988183,0.7795812588703344,11.704128082060457
C2C-JCB latent,V,23,27,65.0,0.001715386640785255,0.7795812588703344,11.704128082060457
C2C-JCB latent,V,23,27,66.0,0.0017189926776950415,0.7795812588703344,11.704128082060457
C2C-JCB latent,V,23,27,67.0,0.0016681667468554896,0.7795812588703344,11.704128082060457
C2C-JCB latent,V,23,27,68.0,0.001598326532066495,0.7795812588703344,11.704128082060457
C2C-JCB latent,V,23,27,69.0,0.00156352010005321,0.7795812588703344,11.704128082060457
C2C-JCB latent,V,23,27,70.0,0.0015379274816950765,0.7795812588703344,11.704128082060457
C2C-JCB latent,V,23,27,71.0,0.0015824740923210353,0.7795812588703344,11.704128082060457
C2C-JCB latent,V,23,27,72.0,0.0016506623698478518,0.7795812588703344,11.704128082060457
C2C-JCB latent,V,23,27,73.0,0.0017587443415879986,0.7795812588703344,11.704128082060457
C2C-JCB latent,V,23,27,74.0,0.0018806080714716682,0.7795812588703344,11.704128082060457
C2C-JCB latent,V,23,27,75.0,0.0019279584969069676,0.7795812588703344,11.704128082060457
C2C-JCB latent,V,23,27,76.0,0.0019492827528983985,0.7795812588703344,11.704128082060457
C2C-JCB latent,V,23,27,77.0,0.002060669900856738,0.7795812588703344,11.704128082060457
C2C-JCB latent,V,23,27,78.0,0.0020302039461648764,0.7795812588703344,11.704128082060457
C2C-JCB latent,V,23,27,79.0,0.0019370285038951339,0.7795812588703344,11.704128082060457
C2C-JCB latent,V,23,27,80.0,0.0017697610873483414,0.7795812588703344,11.704128082060457
C2C-JCB latent,V,23,27,81.0,0.0015510264093745714,0.7795812588703344,11.704128082060457
C2C-JCB latent,V,23,27,82.0,0.0014211304216041744,0.7795812588703344,11.704128082060457
C2C-JCB latent,V,23,27,83.0,0.0015313957973990013,0.7795812588703344,11.704128082060457
C2C-JCB latent,V,23,27,84.0,0.0017281979167728426,0.7795812588703344,11.704128082060457
C2C-JCB latent,V,23,27,85.0,0.0018092044104207623,0.7795812588703344,11.704128082060457
C2C-JCB latent,V,23,27,86.0,0.0018304384912153186,0.7795812588703344,11.704128082060457
C2C-JCB latent,V,23,27,87.0,0.0018589089648151026,0.7795812588703344,11.704128082060457
C2C-JCB latent,V,23,27,88.0,0.0018523749320956998,0.7795812588703344,11.704128082060457
C2C-JCB latent,V,23,27,89.0,0.0018055886791501048,0.7795812588703344,11.704128082060457
C2C-JCB latent,V,23,27,90.0,0.0017338854398815326,0.7795812588703344,11.704128082060457
C2C-JCB latent,V,23,27,91.0,0.0016450066340257764,0.7795812588703344,11.704128082060457
C2C-JCB latent,V,23,27,92.0,0.001653447631792915,0.7795812588703344,11.704128082060457
C2C-JCB latent,V,23,27,93.0,0.001798970301870214,0.7795812588703344,11.704128082060457
C2C-JCB latent,V,23,27,94.0,0.0018061736013373776,0.7795812588703344,11.704128082060457
C2C-JCB latent,V,23,27,95.0,0.0016984883725285724,0.7795812588703344,11.704128082060457
C2C-JCB latent,V,23,27,96.0,0.0016181922679152207,0.7795812588703344,11.704128082060457
C2C-JCB latent,V,23,27,97.0,0.0016468420060925819,0.7795812588703344,11.704128082060457
C2C-JCB latent,V,23,27,98.0,0.0017299538515590021,0.7795812588703344,11.704128082060457
C2C-JCB latent,V,23,27,99.0,0.0017792795572449907,0.7795812588703344,11.704128082060457
C2C-JCB latent,V,23,27,100.0,0.0018056484901762815,0.7795812588703344,11.704128082060457
